ZIPCODE,RACE: Total: Total population -- (Estimate),RACE: White alone: Total population -- (Estimate),POVERTY STATUS IN THE PAST 12 MONTHS BY SEX BY AGE: Total: Population for whom poverty status is determined -- (Estimate),RECEIPT OF FOOD STAMPS/SNAP IN THE PAST 12 MONTHS BY POVERTY STATUS IN THE PAST 12 MONTHS FOR HOUSEHOLDS: Total: Households -- (Estimate),PRIVATE HEALTH INSURANCE BY RATIO OF INCOME TO POVERTY LEVEL IN THE PAST 12 MONTHS BY AGE: Total: Civilian noninstitutionalized population for whom poverty status is determined -- (Estimate),ad_score,ad_score_scaled
30002,6.948228882833788,3.542234332425068,7.493188010899183,8.583106267029972,7.493188010899183,17.71117166212534,0.035422343324250684
30004,58.85558583106267,64.85013623978202,60.35422343324251,56.94822888283379,60.490463215258856,324.2506811989101,0.6485013623978202
30005,34.059945504087196,34.46866485013624,35.694822888283376,27.79291553133515,35.694822888283376,172.3433242506812,0.34468664850136244
30008,31.88010899182561,18.66485013623978,31.607629427792915,29.291553133514988,31.743869209809265,93.3242506811989,0.1866485013623978
30009,28.201634877384198,31.607629427792915,29.019073569482288,29.427792915531334,29.019073569482288,158.03814713896458,0.31607629427792916
30011,33.92370572207084,39.782016348773844,35.42234332425068,25.068119891008173,35.55858310626703,198.91008174386923,0.39782016348773847
30012,18.66485013623978,16.076294277929154,19.482288828337875,18.392370572207085,19.482288828337875,80.38147138964577,0.16076294277929154
30013,44.141689373297005,28.201634877384198,45.50408719346049,41.28065395095368,45.64032697547684,141.00817438692098,0.28201634877384196
30014,67.84741144414168,65.80381471389646,68.52861035422343,66.7574931880109,68.66485013623978,329.0190735694823,0.6580381471389647
30016,36.920980926430516,25.61307901907357,38.01089918256131,34.33242506811989,38.01089918256131,128.06539509536785,0.2561307901907357
30017,18.11989100817439,19.07356948228883,18.66485013623978,16.348773841961854,18.80108991825613,95.36784741144415,0.1907356948228883
30019,50.95367847411444,53.81471389645777,52.45231607629428,41.55313351498638,52.58855585831063,269.07356948228886,0.5381471389645778
30021,20.435967302452315,8.174386920980927,21.11716621253406,18.11989100817439,21.11716621253406,40.87193460490464,0.08174386920980928
30022,61.30790190735695,60.8991825613079,62.12534059945504,60.6267029972752,62.26158038147139,304.49591280653954,0.6089918256130791
30024,66.7574931880109,62.12534059945504,67.98365122615805,60.8991825613079,68.11989100817439,310.62670299727523,0.6212534059945505
30025,22.3433242506812,28.88283378746594,22.47956403269755,22.615803814713896,22.615803814713896,144.4141689373297,0.2888283378746594
30028,22.20708446866485,37.46594005449591,23.024523160762943,19.754768392370572,23.160762942779293,187.32970027247956,0.3746594005449591
30030,15.53133514986376,21.38964577656676,16.212534059945504,19.618528610354222,16.212534059945504,106.9482288828338,0.2138964577656676
30032,37.05722070844686,10.217983651226158,36.51226158038147,38.01089918256131,36.51226158038147,51.08991825613079,0.10217983651226158
30033,30.653950953678475,35.55858310626703,29.155313351498638,37.60217983651226,29.155313351498638,177.79291553133515,0.35558583106267033
30034,33.37874659400545,1.3623978201634876,34.741144414168936,31.19891008174387,35.14986376021798,6.8119891008174385,0.013623978201634877
30035,19.07356948228883,1.2261580381471389,20.16348773841962,18.256130790190735,20.435967302452315,6.130790190735694,0.012261580381471389
30038,19.618528610354222,0.9536784741144414,20.844686648501362,19.482288828337875,20.844686648501362,4.768392370572207,0.009536784741144414
30039,34.87738419618529,20.435967302452315,36.23978201634878,30.517711171662125,36.23978201634878,102.17983651226157,0.20435967302452315
30040,55.72207084468665,66.4850136239782,57.22070844686648,51.90735694822888,57.76566757493188,332.425068119891,0.6648501362397821
30041,49.182561307901906,58.583106267029976,50.40871934604905,44.141689373297005,50.40871934604905,292.91553133514986,0.5858310626702997
30043,62.67029972752044,57.90190735694823,63.48773841961853,57.49318801089918,63.76021798365122,289.50953678474116,0.5790190735694823
30044,62.53405994550409,42.50681198910082,64.16893732970027,58.310626702997276,64.57765667574932,212.53405994550408,0.4250681198910082
30045,60.490463215258856,52.043596730245234,60.8991825613079,52.45231607629428,60.8991825613079,260.2179836512262,0.5204359673024523
30046,51.36239782016349,38.14713896457766,51.36239782016349,42.37057220708447,51.36239782016349,190.7356948228883,0.3814713896457766
30047,59.264305177111716,44.4141689373297,60.762942779291556,55.72207084468665,60.762942779291556,222.07084468664848,0.44414168937329696
30052,65.9400544959128,63.21525885558583,67.57493188010899,62.80653950953678,67.71117166212534,316.07629427792915,0.6321525885558583
30054,13.215258855585832,16.62125340599455,13.079019073569482,12.534059945504087,12.942779291553133,83.10626702997276,0.16621253405994552
30055,61.03542234332425,67.16621253405995,61.716621253406,60.762942779291556,61.716621253406,335.83106267029973,0.6716621253405994
30056,74.79564032697547,77.11171662125341,74.65940054495913,73.56948228882834,74.65940054495913,385.55858310626706,0.7711171662125341
30058,40.32697547683924,3.8147138964577656,41.55313351498638,40.19073569482289,41.55313351498638,19.07356948228883,0.03814713896457766
30060,46.59400544959128,37.19346049046322,45.91280653950954,47.41144414168937,46.18528610354223,185.9673024523161,0.3719346049046322
30062,70.70844686648502,72.34332425068119,72.20708446866485,72.0708446866485,71.93460490463215,361.71662125340595,0.723433242506812
30064,56.403269754768395,50.68119891008175,56.53950953678474,55.858310626702995,56.81198910081744,253.40599455040874,0.5068119891008175
30066,53.40599455040872,55.3133514986376,55.0408719346049,54.63215258855586,54.08719346049046,276.566757493188,0.553133514986376
30067,26.975476839237057,23.705722070844686,27.929155313351497,33.787465940054496,28.065395095367847,118.52861035422343,0.23705722070844687
30068,18.80108991825613,27.929155313351497,20.572207084468666,22.20708446866485,20.708446866485012,139.6457765667575,0.279291553133515
30070,1.771117166212534,1.6348773841961852,2.1798365122615806,2.043596730245232,2.316076294277929,8.174386920980925,0.01634877384196185
30071,23.569482288828336,18.93732970027248,26.021798365122617,22.070844686648503,26.021798365122617,94.68664850136238,0.18937329700272476
30072,2.316076294277929,0.2724795640326976,2.7247956403269753,2.997275204359673,2.7247956403269753,1.3623978201634879,0.002724795640326976
30075,49.86376021798365,59.40054495912806,50.95367847411444,49.04632152588556,50.817438692098094,297.0027247956403,0.5940054495912805
30076,35.013623978201636,40.463215258855584,36.37602179836512,37.05722070844686,36.37602179836512,202.31607629427793,0.4046321525885559
30078,36.23978201634878,29.83651226158038,37.32970027247956,30.381471389645778,37.32970027247956,149.1825613079019,0.2983651226158038
30079,8.174386920980927,6.67574931880109,8.310626702997276,8.991825613079019,8.583106267029972,33.37874659400545,0.0667574931880109
30080,44.6866485013624,32.9700272479564,47.002724795640326,54.76839237057221,47.275204359673026,164.85013623978202,0.329700272479564
30082,28.065395095367847,21.934604904632153,28.74659400544959,32.833787465940055,28.74659400544959,109.67302452316076,0.21934604904632152
30083,50.0,14.44141689373297,50.95367847411444,48.36512261580381,50.95367847411444,72.20708446866485,0.1444141689373297
30084,43.869209809264305,34.19618528610354,45.64032697547684,46.049046321525886,46.049046321525886,170.9809264305177,0.3419618528610354
30087,42.77929155313352,20.02724795640327,44.4141689373297,41.416893732970024,44.4141689373297,100.13623978201635,0.20027247956403268
30088,36.10354223433242,5.858310626702997,37.60217983651226,34.87738419618529,37.60217983651226,29.291553133514988,0.05858310626702998
30092,21.934604904632153,23.160762942779293,22.752043596730246,23.160762942779293,22.888283378746593,115.80381471389646,0.23160762942779292
30093,38.01089918256131,21.11716621253406,39.509536784741144,33.514986376021795,39.782016348773844,105.5858310626703,0.21117166212534058
30094,33.2425068119891,18.52861035422343,33.92370572207084,31.47138964577657,34.19618528610354,92.64305177111716,0.18528610354223432
30096,58.310626702997276,38.283378746594,59.94550408719346,58.17438692098093,60.08174386920981,191.41689373297,0.38283378746594005
30097,57.084468664850135,47.275204359673026,58.44686648501362,52.86103542234333,58.583106267029976,236.37602179836512,0.47275204359673023
30101,64.03269754768392,68.11989100817439,65.9400544959128,61.444141689373296,65.9400544959128,340.59945504087193,0.6811989100817438
30102,30.245231607629428,38.69209809264305,31.88010899182561,29.83651226158038,32.01634877384196,193.46049046321525,0.3869209809264305
30103,91.00817438692098,93.59673024523161,91.96185286103542,91.96185286103542,92.09809264305177,467.98365122615803,0.9359673024523161
30104,58.99182561307902,62.94277929155314,59.40054495912806,59.40054495912806,59.40054495912806,314.7138964577657,0.6294277929155314
30105,30.381471389645778,39.237057220708444,31.19891008174387,32.15258855585831,31.47138964577657,196.1852861035422,0.39237057220708443
30106,23.43324250681199,15.940054495912806,24.931880108991827,25.340599455040874,25.068119891008173,79.70027247956403,0.15940054495912806
30107,23.705722070844686,31.88010899182561,23.705722070844686,22.888283378746593,23.705722070844686,159.40054495912807,0.3188010899182561
30108,51.90735694822888,55.5858310626703,52.043596730245234,54.223433242506815,52.043596730245234,277.9291553133515,0.555858310626703
30110,80.51771117166213,80.65395095367847,81.74386920980926,81.06267029972751,81.47138964577657,403.2697547683924,0.8065395095367848
30113,87.05722070844686,86.78474114441417,87.60217983651226,86.78474114441417,87.46594005449592,433.92370572207085,0.8678474114441417
30114,60.762942779291556,66.62125340599455,60.6267029972752,58.038147138964575,60.6267029972752,333.10626702997274,0.6662125340599455
30115,35.42234332425068,48.63760217983651,36.64850136239782,33.37874659400545,36.64850136239782,243.18801089918256,0.48637602179836514
30116,30.79019073569482,39.3732970027248,32.15258855585831,30.92643051771117,32.15258855585831,196.866485013624,0.393732970027248
30117,41.00817438692098,46.321525885558586,40.735694822888284,40.463215258855584,40.735694822888284,231.60762942779292,0.46321525885558584
30118,3.542234332425068,2.861035422343324,2.4523160762942777,2.4523160762942777,2.5885558583106265,14.30517711171662,0.02861035422343324
30120,86.78474114441417,86.37602179836512,86.78474114441417,86.23978201634877,86.78474114441417,431.8801089918256,0.8637602179836512
30121,78.33787465940054,78.88283378746594,79.15531335149863,78.7465940054496,79.29155313351498,394.4141689373297,0.7888283378746594
30122,15.258855585831062,12.26158038147139,15.940054495912806,16.076294277929154,16.076294277929154,61.30790190735695,0.1226158038147139
30124,4.768392370572207,4.9046321525885554,4.768392370572207,4.9046321525885554,4.768392370572207,24.523160762942776,0.049046321525885554
30125,95.64032697547684,96.32152588555859,95.77656675749319,95.2316076294278,95.77656675749319,481.6076294277929,0.9632152588555859
30126,37.19346049046322,23.978201634877383,39.1008174386921,38.41961852861036,39.1008174386921,119.89100817438691,0.23978201634877383
30127,58.17438692098093,50.40871934604905,59.536784741144416,56.130790190735695,59.80926430517711,252.04359673024524,0.5040871934604905
30132,43.73297002724796,50.2724795640327,44.6866485013624,40.32697547683924,44.6866485013624,251.3623978201635,0.502724795640327
30134,38.69209809264305,35.55858310626703,39.782016348773844,35.967302452316076,40.05449591280654,177.79291553133515,0.35558583106267033
30135,42.915531335149865,37.32970027247956,44.55040871934605,39.91825613079019,44.55040871934605,186.6485013623978,0.3732970027247956
30137,1.3623978201634876,2.997275204359673,1.9073569482288828,1.9073569482288828,1.9073569482288828,14.986376021798364,0.02997275204359673
30139,66.62125340599455,70.57220708446866,67.3024523160763,66.62125340599455,67.16621253405995,352.8610354223433,0.7057220708446866
30141,30.517711171662125,33.37874659400545,32.833787465940055,28.61035422343324,32.69754768392371,166.89373297002726,0.33378746594005454
30143,77.9291553133515,83.65122615803814,78.33787465940054,78.2016348773842,78.33787465940054,418.2561307901907,0.8365122615803814
30144,51.08991825613079,51.90735694822888,51.08991825613079,51.63487738419619,51.22615803814714,259.5367847411444,0.5190735694822888
30145,85.69482288828338,86.64850136239782,85.96730245231608,85.96730245231608,86.10354223433242,433.24250681198913,0.8664850136239782
30147,44.00544959128065,50.13623978201635,45.36784741144414,47.82016348773842,45.776566757493185,250.68119891008172,0.5013623978201635
30148,60.6267029972752,65.9400544959128,60.490463215258856,60.490463215258856,60.35422343324251,329.70027247956403,0.659400544959128
30149,12.26158038147139,13.896457765667575,10.490463215258856,11.716621253405995,10.490463215258856,69.48228882833787,0.13896457765667575
30152,52.17983651226158,56.403269754768395,51.63487738419619,50.2724795640327,51.771117166212534,282.01634877384197,0.5640326975476839
30153,88.96457765667574,89.3732970027248,88.96457765667574,87.87465940054496,88.96457765667574,446.866485013624,0.893732970027248
30157,53.54223433242507,58.310626702997276,54.35967302452316,50.40871934604905,55.0408719346049,291.55313351498637,0.5831062670299727
30161,84.33242506811989,81.33514986376022,84.0599455040872,86.64850136239782,84.19618528610354,406.6757493188011,0.8133514986376021
30164,4.087193460490464,6.130790190735695,4.223433242506812,3.678474114441417,4.223433242506812,30.653950953678475,0.06130790190735695
30165,86.92098092643052,87.73841961852861,86.92098092643052,87.73841961852861,86.92098092643052,438.69209809264305,0.8773841961852861
30168,28.88283378746594,15.258855585831062,30.108991825613078,29.97275204359673,30.245231607629428,76.29427792915531,0.15258855585831063
30170,49.45504087193461,52.724795640326974,50.13623978201635,51.49863760217983,50.13623978201635,263.6239782016349,0.5272479564032698
30171,20.844686648501362,34.059945504087196,22.070844686648503,22.47956403269755,22.070844686648503,170.29972752043597,0.3405994550408719
30173,41.689373297002724,49.59128065395095,42.50681198910082,43.869209809264305,42.643051771117165,247.95640326975476,0.49591280653950953
30175,27.929155313351497,41.28065395095368,27.6566757493188,30.653950953678475,27.79291553133515,206.4032697547684,0.4128065395095368
30176,71.11716621253406,70.84468664850137,71.7983651226158,71.38964577656675,71.66212534059946,354.2234332425068,0.7084468664850136
30177,1.6348773841961852,3.9509536784741144,2.316076294277929,2.1798365122615806,2.1798365122615806,19.754768392370572,0.039509536784741145
30178,37.46594005449591,43.18801089918256,37.87465940054496,37.87465940054496,37.87465940054496,215.9400544959128,0.4318801089918256
30179,79.83651226158038,78.47411444141689,79.83651226158038,79.42779291553134,79.83651226158038,392.3705722070844,0.7847411444141689
30180,46.73024523160763,50.817438692098094,49.04632152588556,44.27792915531335,49.182561307901906,254.08719346049048,0.5081743869209809
30182,42.50681198910082,44.55040871934605,43.18801089918256,43.32425068119891,43.18801089918256,222.75204359673026,0.4455040871934605
30183,14.713896457765667,24.114441416893733,14.713896457765667,15.258855585831062,14.713896457765667,120.57220708446866,0.2411444141689373
30184,44.9591280653951,48.91008174386921,44.822888283378745,43.18801089918256,44.822888283378745,244.55040871934608,0.48910081743869216
30185,9.536784741144414,13.487738419618529,9.945504087193461,9.264305177111716,9.945504087193461,67.43869209809264,0.13487738419618528
30187,13.760217983651225,17.166212534059945,13.760217983651225,13.079019073569482,13.760217983651225,85.83106267029973,0.17166212534059946
30188,55.177111716621255,64.44141689373296,56.94822888283379,55.3133514986376,57.356948228882835,322.2070844686648,0.6444141689373296
30189,22.615803814713896,33.787465940054496,23.43324250681199,22.752043596730246,23.569482288828336,168.93732970027247,0.33787465940054495
30204,96.04904632152588,97.00272479564033,96.18528610354224,95.77656675749319,96.18528610354224,485.0136239782017,0.9700272479564034
30205,5.177111716621253,9.945504087193461,5.449591280653951,5.177111716621253,5.449591280653951,49.72752043596731,0.09945504087193462
30206,84.19618528610354,86.23978201634877,85.28610354223433,83.7874659400545,85.14986376021798,431.19891008174386,0.8623978201634878
30213,72.75204359673025,58.71934604904632,73.84196185286103,72.6158038147139,73.70572207084469,293.5967302452316,0.5871934604904632
30214,29.291553133514988,29.155313351498638,30.517711171662125,29.019073569482288,30.653950953678475,145.77656675749319,0.29155313351498635
30215,27.6566757493188,30.108991825613078,28.337874659400544,26.021798365122617,28.337874659400544,150.5449591280654,0.3010899182561308
30216,6.67574931880109,8.85558583106267,6.67574931880109,6.67574931880109,6.67574931880109,44.27792915531335,0.0885558583106267
30217,90.19073569482289,91.41689373297002,90.73569482288828,90.46321525885558,90.73569482288828,457.08446866485014,0.9141689373297003
30218,15.803814713896458,19.482288828337875,16.348773841961854,14.986376021798366,16.348773841961854,97.41144414168937,0.19482288828337874
30220,10.490463215258856,14.168937329700272,11.1716621253406,11.035422343324251,11.444141689373296,70.84468664850137,0.14168937329700274
30222,41.82561307901907,42.77929155313352,41.689373297002724,41.14441416893733,41.689373297002724,213.8964577656676,0.4277929155313352
30223,31.19891008174387,32.15258855585831,32.69754768392371,32.28882833787466,32.833787465940055,160.76294277929154,0.3215258855585831
30224,78.47411444141689,82.01634877384195,78.47411444141689,78.33787465940054,78.47411444141689,410.0817438692098,0.8201634877384196
30228,36.51226158038147,25.068119891008173,37.19346049046322,33.2425068119891,36.920980926430516,125.34059945504086,0.2506811989100817
30230,83.5149863760218,86.92098092643052,83.37874659400545,82.15258855585832,83.37874659400545,434.60490463215257,0.8692098092643051
30233,70.84468664850137,73.84196185286103,70.98092643051771,69.07356948228883,71.11716621253406,369.20980926430514,0.7384196185286103
30234,9.400544959128066,11.580381471389646,8.991825613079019,8.310626702997276,8.991825613079019,57.90190735694823,0.11580381471389646
30236,52.86103542234333,19.618528610354222,52.86103542234333,48.77384196185286,52.997275204359674,98.0926430517711,0.19618528610354222
30238,30.108991825613078,10.354223433242506,31.06267029972752,24.931880108991827,31.06267029972752,51.771117166212534,0.10354223433242507
30240,91.41689373297002,90.59945504087193,91.82561307901908,92.09809264305177,91.96185286103542,452.99727520435965,0.9059945504087193
30241,82.01634877384195,82.42506811989101,82.42506811989101,81.88010899182561,82.42506811989101,412.12534059945506,0.8242506811989101
30248,29.97275204359673,35.83106267029973,30.653950953678475,27.247956403269754,30.79019073569482,179.15531335149865,0.3583106267029973
30250,0.5449591280653951,0.6811989100817438,0.8174386920980926,0.6811989100817438,0.8174386920980926,3.4059945504087192,0.006811989100817439
30251,5.313351498637602,7.76566757493188,5.5858310626703,6.130790190735695,5.5858310626703,38.828337874659404,0.07765667574931881
30252,51.22615803814714,49.04632152588556,51.90735694822888,45.095367847411445,52.17983651226158,245.2316076294278,0.4904632152588556
30253,48.50136239782017,34.741144414168936,49.59128065395095,43.46049046321526,49.59128065395095,173.70572207084467,0.34741144414168934
30256,53.678474114441414,55.177111716621255,55.177111716621255,55.177111716621255,55.177111716621255,275.8855585831063,0.5517711171662125
30257,70.57220708446866,73.70572207084469,70.84468664850137,69.89100817438693,70.98092643051771,368.5286103542234,0.7370572207084468
30258,80.38147138964578,80.24523160762942,80.65395095367847,79.83651226158038,79.97275204359673,401.2261580381471,0.8024523160762942
30259,0.8174386920980926,2.7247956403269753,1.3623978201634876,1.3623978201634876,1.3623978201634876,13.623978201634877,0.027247956403269755
30260,28.74659400544959,10.626702997275205,28.61035422343324,26.70299727520436,28.61035422343324,53.13351498637602,0.10626702997275204
30263,76.29427792915531,78.2016348773842,76.566757493188,75.61307901907357,76.566757493188,391.008174386921,0.782016348773842
30265,36.78474114441417,42.915531335149865,37.73841961852861,36.23978201634878,37.73841961852861,214.57765667574932,0.42915531335149865
30268,62.12534059945504,54.63215258855586,62.94277929155314,62.53405994550409,63.48773841961853,273.1607629427793,0.5463215258855586
30269,17.029972752043598,26.839237057220707,17.983651226158038,17.029972752043598,18.11989100817439,134.19618528610354,0.2683923705722071
30273,18.256130790190735,8.310626702997276,19.754768392370572,16.757493188010898,19.754768392370572,41.55313351498638,0.08310626702997276
30274,38.555858310626704,8.038147138964577,40.19073569482289,37.46594005449591,40.19073569482289,40.190735694822884,0.08038147138964577
30275,2.997275204359673,5.040871934604905,3.4059945504087192,3.1335149863760217,3.4059945504087192,25.204359673024523,0.05040871934604905
30276,17.166212534059945,27.384196185286104,18.392370572207085,16.893732970027248,18.392370572207085,136.92098092643053,0.2738419618528611
30277,18.392370572207085,29.97275204359673,19.891008174386922,18.52861035422343,19.891008174386922,149.86376021798367,0.29972752043596734
30281,57.49318801089918,37.60217983651226,59.12806539509537,55.5858310626703,59.264305177111716,188.01089918256133,0.3760217983651227
30284,1.4986376021798364,3.678474114441417,2.043596730245232,2.316076294277929,2.043596730245232,18.392370572207085,0.03678474114441417
30285,79.42779291553134,77.65667574931881,79.70027247956403,79.15531335149863,79.70027247956403,388.28337874659405,0.7765667574931882
30286,95.36784741144415,95.2316076294278,95.36784741144415,94.55040871934605,95.36784741144415,476.158038147139,0.9523160762942781
30288,12.670299727520437,3.2697547683923704,12.806539509536785,10.899182561307901,12.806539509536785,16.34877384196185,0.0326975476839237
30289,2.861035422343324,4.768392370572207,3.2697547683923704,2.7247956403269753,3.2697547683923704,23.841961852861036,0.047683923705722074
30290,10.217983651226158,12.534059945504087,10.626702997275205,9.945504087193461,10.762942779291553,62.67029972752043,0.12534059945504086
30291,33.514986376021795,8.446866485013624,34.19618528610354,32.42506811989101,34.33242506811989,42.23433242506812,0.08446866485013624
30292,75.88555858310627,77.24795640326975,75.88555858310627,74.52316076294278,75.74931880108991,386.2397820163488,0.7724795640326976
30293,54.63215258855586,53.678474114441414,53.81471389645777,54.35967302452316,53.81471389645777,268.3923705722071,0.5367847411444142
30294,37.87465940054496,9.264305177111716,39.237057220708444,34.059945504087196,39.3732970027248,46.32152588555858,0.09264305177111716
30295,83.7874659400545,86.51226158038148,84.60490463215258,83.5149863760218,84.60490463215258,432.5613079019074,0.8651226158038149
30296,21.38964577656676,3.1335149863760217,22.3433242506812,20.02724795640327,22.3433242506812,15.667574931880107,0.031335149863760216
30297,20.708446866485012,11.1716621253406,21.25340599455041,17.166212534059945,21.25340599455041,55.858310626703,0.111716621253406
30303,34.19618528610354,23.569482288828336,29.291553133514988,37.19346049046322,29.291553133514988,117.84741144414168,0.23569482288828336
30305,21.11716621253406,32.01634877384196,22.20708446866485,32.69754768392371,22.20708446866485,160.08174386920982,0.3201634877384196
30306,70.16348773841962,72.20708446866485,71.2534059945504,74.65940054495913,71.2534059945504,361.0354223433242,0.7220708446866485
30307,58.038147138964575,56.94822888283379,57.356948228882835,61.30790190735695,57.62942779291553,284.74114441416896,0.569482288828338
30308,40.463215258855584,38.96457765667575,37.46594005449591,44.822888283378745,37.46594005449591,194.82288828337875,0.3896457765667575
30309,71.52588555858311,70.98092643051771,72.0708446866485,76.566757493188,72.34332425068119,354.90463215258853,0.7098092643051771
30310,35.694822888283376,7.084468664850136,35.967302452316076,35.14986376021798,35.967302452316076,35.42234332425068,0.07084468664850137
30311,28.337874659400544,0.8174386920980926,28.88283378746594,27.6566757493188,28.88283378746594,4.087193460490463,0.008174386920980926
30312,40.735694822888284,30.517711171662125,39.64577656675749,48.91008174386921,39.64577656675749,152.58855585831063,0.30517711171662126
30313,23.978201634877383,21.662125340599456,16.757493188010898,17.71117166212534,17.029972752043598,108.31062670299728,0.21662125340599456
30314,29.564032697547685,8.991825613079019,26.430517711171664,28.065395095367847,26.158038147138964,44.95912806539509,0.08991825613079019
30315,34.33242506811989,12.397820163487738,32.561307901907355,33.92370572207084,32.28882833787466,61.98910081743869,0.12397820163487738
30316,34.46866485013624,21.25340599455041,35.013623978201636,38.283378746594,35.013623978201636,106.26702997275204,0.2125340599455041
30317,30.92643051771117,26.158038147138964,32.01634877384196,35.694822888283376,31.88010899182561,130.7901907356948,0.2615803814713896
30318,72.20708446866485,63.62397820163488,69.61852861035422,73.70572207084469,69.61852861035422,318.11989100817436,0.6362397820163488
30319,39.782016348773844,44.27792915531335,40.32697547683924,48.09264305177112,40.32697547683924,221.38964577656677,0.44277929155313356
30322,1.9073569482288828,1.771117166212534,0.1362397820163488,0.8174386920980926,0.1362397820163488,8.85558583106267,0.017711171662125342
30324,48.77384196185286,48.36512261580381,49.45504087193461,57.76566757493188,49.45504087193461,241.82561307901906,0.48365122615803813
30326,10.08174386920981,13.079019073569482,10.08174386920981,13.35149863760218,10.08174386920981,65.3950953678474,0.1307901907356948
30327,17.302452316076295,26.70299727520436,18.256130790190735,21.25340599455041,17.983651226158038,133.5149863760218,0.2670299727520436
30328,38.41961852861036,36.23978201634878,39.3732970027248,42.77929155313352,38.96457765667575,181.1989100817439,0.36239782016348776
30329,27.384196185286104,27.79291553133515,25.885558583106267,30.245231607629428,25.885558583106267,138.96457765667574,0.2779291553133515
30331,59.536784741144416,16.212534059945504,61.03542234332425,59.536784741144416,61.03542234332425,81.06267029972753,0.16212534059945505
30332,22.47956403269755,26.021798365122617,17.029972752043598,19.346049046321525,17.166212534059945,130.1089918256131,0.26021798365122617
30334,0.2724795640326976,0.1362397820163488,0.6811989100817438,0.4087193460490463,0.6811989100817438,0.6811989100817439,0.001362397820163488
30336,6.539509536784741,0.0,6.8119891008174385,6.539509536784741,6.8119891008174385,0.0,0.0
30337,29.427792915531334,13.215258855585832,30.79019073569482,33.10626702997275,30.108991825613078,66.07629427792916,0.13215258855585832
30338,32.28882833787466,34.87738419618529,34.33242506811989,39.64577656675749,34.46866485013624,174.38692098092645,0.3487738419618529
30339,26.56675749318801,25.204359673024523,27.384196185286104,38.828337874659404,27.384196185286104,126.02179836512262,0.25204359673024523
30340,26.70299727520436,24.795640326975477,27.52043596730245,26.975476839237057,27.52043596730245,123.97820163487738,0.24795640326975477
30341,40.87193460490463,41.82561307901907,41.82561307901907,44.6866485013624,41.82561307901907,209.12806539509535,0.4182561307901907
30342,19.754768392370572,28.337874659400544,20.980926430517712,24.52316076294278,20.980926430517712,141.68937329700273,0.28337874659400547
30344,48.91008174386921,19.346049046321525,46.86648501362398,50.54495912806539,46.321525885558586,96.73024523160763,0.19346049046321526
30345,15.122615803814714,19.891008174386922,15.66757493188011,17.302452316076295,15.66757493188011,99.45504087193461,0.19891008174386923
30346,5.722070844686648,6.539509536784741,6.267029972752043,8.174386920980927,6.267029972752043,32.6975476839237,0.0653950953678474
30349,78.06539509536785,31.33514986376022,79.01907356948229,76.43051771117166,79.01907356948229,156.67574931880108,0.31335149863760214
30350,44.4141689373297,40.59945504087194,46.45776566757493,52.31607629427793,45.91280653950954,202.99727520435968,0.40599455040871935
30354,22.070844686648503,9.809264305177111,20.708446866485012,20.435967302452315,20.16348773841962,49.04632152588555,0.09809264305177111
30360,14.168937329700272,14.713896457765667,14.168937329700272,13.896457765667575,14.168937329700272,73.56948228882834,0.14713896457765668
30363,31.33514986376022,36.10354223433242,30.381471389645778,34.60490463215259,30.517711171662125,180.5177111716621,0.36103542234332425
30401,98.36512261580381,98.22888283378747,98.36512261580381,98.22888283378747,98.36512261580381,491.1444141689373,0.9822888283378747
30410,79.01907356948229,74.79564032697547,77.24795640326975,78.61035422343325,77.11171662125341,373.97820163487734,0.7479564032697547
30411,39.64577656675749,41.14441416893733,34.87738419618529,36.37602179836512,34.87738419618529,205.72207084468664,0.41144414168937327
30412,24.795640326975477,24.659400544959126,24.52316076294278,26.56675749318801,24.52316076294278,123.29700272479563,0.24659400544959126
30413,88.41961852861036,89.23705722070845,88.69209809264305,89.1008174386921,88.8283378746594,446.18528610354224,0.8923705722070845
30415,11.444141689373296,15.803814713896458,11.989100817438691,10.762942779291553,11.989100817438691,79.01907356948229,0.15803814713896458
30417,97.13896457765668,97.41144414168937,96.73024523160763,96.73024523160763,96.73024523160763,487.05722070844683,0.9741144414168937
30420,67.3024523160763,65.12261580381471,65.80381471389646,66.2125340599455,65.80381471389646,325.61307901907355,0.6512261580381471
30421,52.31607629427793,53.13351498637602,48.91008174386921,49.182561307901906,49.04632152588556,265.6675749318801,0.5313351498637602
30423,37.73841961852861,36.51226158038147,37.05722070844686,36.920980926430516,37.19346049046322,182.56130790190736,0.3651226158038147
30425,90.46321525885558,93.3242506811989,91.55313351498637,91.14441416893733,91.28065395095368,466.62125340599454,0.9332425068119891
30426,53.26975476839237,52.86103542234333,53.26975476839237,55.44959128065395,53.13351498637602,264.30517711171666,0.5286103542234333
30427,91.14441416893733,90.32697547683924,91.00817438692098,91.28065395095368,91.00817438692098,451.6348773841962,0.9032697547683924
30428,4.359673024523161,5.722070844686648,3.542234332425068,3.542234332425068,3.542234332425068,28.61035422343324,0.05722070844686648
30429,43.596730245231605,47.13896457765667,44.00544959128065,45.776566757493185,43.73297002724796,235.69482288828337,0.4713896457765667
30434,87.19346049046321,88.96457765667574,87.46594005449592,87.60217983651226,87.60217983651226,444.8228882833787,0.8896457765667574
30436,99.59128065395096,99.59128065395096,99.59128065395096,99.59128065395096,99.59128065395096,497.9564032697548,0.9959128065395096
30438,8.310626702997276,11.852861035422343,8.85558583106267,8.446866485013624,8.85558583106267,59.264305177111716,0.11852861035422343
30439,93.18801089918256,92.23433242506812,92.37057220708446,92.37057220708446,92.37057220708446,461.1716621253406,0.9223433242506812
30441,86.23978201634877,85.83106267029973,86.64850136239782,86.10354223433242,86.37602179836512,429.15531335149865,0.8583106267029973
30442,72.0708446866485,72.6158038147139,72.34332425068119,72.47956403269755,72.47956403269755,363.0790190735695,0.726158038147139
30445,79.01907356948229,74.79564032697547,77.24795640326975,78.61035422343325,77.11171662125341,373.97820163487734,0.7479564032697547
30446,32.561307901907355,38.41961852861036,32.28882833787466,32.9700272479564,32.42506811989101,192.09809264305179,0.38419618528610355
30448,17.71117166212534,23.024523160762943,18.11989100817439,19.07356948228883,18.256130790190735,115.12261580381471,0.2302452316076294
30449,16.348773841961854,20.980926430517712,15.53133514986376,16.076294277929154,15.53133514986376,104.90463215258856,0.20980926430517713
30450,7.220708446866485,10.490463215258856,8.038147138964577,7.493188010899183,8.310626702997276,52.45231607629428,0.10490463215258856
30451,24.795640326975477,24.659400544959126,24.52316076294278,26.56675749318801,24.52316076294278,123.29700272479563,0.24659400544959126
30452,3.9509536784741144,5.5858310626703,4.087193460490464,3.8147138964577656,4.087193460490464,27.9291553133515,0.055858310626703
30453,64.16893732970027,58.99182561307902,62.39782016348774,64.57765667574932,62.39782016348774,294.95912806539513,0.5899182561307903
30454,2.4523160762942777,3.4059945504087192,3.1335149863760217,2.861035422343324,3.1335149863760217,17.029972752043598,0.0340599455040872
30455,58.44686648501362,56.130790190735695,58.310626702997276,58.583106267029976,58.44686648501362,280.6539509536785,0.5613079019073569
30456,32.42506811989101,30.653950953678475,32.42506811989101,34.741144414168936,32.561307901907355,153.26975476839237,0.30653950953678477
30457,89.1008174386921,90.19073569482289,89.1008174386921,88.96457765667574,89.1008174386921,450.95367847411444,0.9019073569482289
30458,63.89645776566758,64.71389645776567,62.53405994550409,63.89645776566758,62.67029972752044,323.56948228882834,0.6471389645776567
30460,3.1335149863760217,2.1798365122615806,0.5449591280653951,0.5449591280653951,0.5449591280653951,10.899182561307903,0.021798365122615806
30461,40.19073569482289,44.9591280653951,40.59945504087194,40.87193460490463,40.59945504087194,224.7956403269755,0.449591280653951
30464,54.49591280653951,60.08174386920981,54.904632152588555,54.08719346049046,54.76839237057221,300.40871934604905,0.6008174386920981
30467,91.82561307901908,90.87193460490464,91.41689373297002,91.55313351498637,91.55313351498637,454.3596730245232,0.9087193460490465
30470,82.42506811989101,84.60490463215258,81.33514986376022,81.74386920980926,81.74386920980926,423.0245231607629,0.8460490463215258
30471,94.4141689373297,95.36784741144415,95.2316076294278,94.82288828337875,95.2316076294278,476.8392370572207,0.9536784741144414
30473,50.2724795640327,47.54768392370572,49.86376021798365,52.043596730245234,50.0,237.7384196185286,0.47547683923705725
30474,100.0,100.0,100.0,100.0,100.0,500.0,1.0
30475,43.596730245231605,47.13896457765667,44.00544959128065,45.776566757493185,43.73297002724796,235.69482288828337,0.4713896457765667
30477,66.34877384196186,67.71117166212534,67.02997275204359,68.11989100817439,67.02997275204359,338.5558583106267,0.6771117166212535
30501,81.33514986376022,83.5149863760218,81.88010899182561,82.6975476839237,82.01634877384195,417.574931880109,0.8351498637602179
30504,23.841961852861036,28.74659400544959,21.38964577656676,17.71117166212534,21.38964577656676,143.73297002724794,0.2874659400544959
30506,69.07356948228883,76.15803814713897,70.57220708446866,70.02724795640327,70.70844686648502,380.79019073569486,0.7615803814713897
30507,55.0408719346049,59.264305177111716,55.5858310626703,56.81198910081744,55.5858310626703,296.3215258855586,0.5926430517711172
30510,82.15258855585832,85.69482288828338,82.28882833787466,81.47138964577657,82.15258855585832,428.47411444141693,0.8569482288828338
30511,72.34332425068119,74.11444141689373,73.02452316076294,71.52588555858311,72.88828337874659,370.57220708446863,0.7411444141689373
30512,41.55313351498638,57.084468664850135,42.37057220708447,43.596730245231605,42.50681198910082,285.4223433242507,0.5708446866485014
30513,25.885558583106267,39.1008174386921,26.56675749318801,27.929155313351497,26.56675749318801,195.5040871934605,0.391008174386921
30516,69.89100817438693,71.7983651226158,70.16348773841962,70.57220708446866,70.16348773841962,358.991825613079,0.717983651226158
30517,31.47138964577657,40.05449591280654,31.743869209809265,26.839237057220707,31.19891008174387,200.2724795640327,0.40054495912806537
30518,46.18528610354223,47.41144414168937,47.68392370572207,38.69209809264305,47.82016348773842,237.05722070844686,0.47411444141689374
30519,55.44959128065395,58.17438692098093,56.81198910081744,48.228882833787466,57.22070844686648,290.87193460490465,0.5817438692098094
30520,83.65122615803814,85.55858310626704,84.46866485013624,84.74114441416894,84.74114441416894,427.7929155313352,0.8555858310626704
30521,79.15531335149863,82.56130790190736,79.56403269754769,79.01907356948229,79.42779291553134,412.8065395095368,0.8256130790190735
30522,14.577656675749319,26.975476839237057,14.986376021798366,16.62125340599455,14.986376021798366,134.8773841961853,0.26975476839237056
30523,60.35422343324251,64.30517711171662,58.85558583106267,61.85286103542234,58.99182561307902,321.52588555858307,0.6430517711171662
30525,67.71117166212534,71.38964577656675,67.71117166212534,67.71117166212534,67.98365122615805,356.94822888283375,0.7138964577656675
30527,14.30517711171662,23.43324250681199,14.30517711171662,14.032697547683924,14.30517711171662,117.16621253405995,0.2343324250681199
30528,57.90190735694823,60.6267029972752,56.403269754768395,59.12806539509537,56.53950953678474,303.133514986376,0.606267029972752
30529,99.4550408719346,99.31880108991825,99.4550408719346,99.4550408719346,99.4550408719346,496.59400544959124,0.9931880108991825
30530,96.45776566757493,96.86648501362397,96.59400544959128,96.59400544959128,96.59400544959128,484.33242506811985,0.9686648501362397
30531,55.5858310626703,59.536784741144416,55.3133514986376,57.22070844686648,55.44959128065395,297.68392370572207,0.5953678474114441
30533,80.10899182561307,85.42234332425068,80.51771117166213,80.10899182561307,80.65395095367847,427.1117166212534,0.8542234332425068
30534,76.83923705722071,83.37874659400545,77.52043596730245,75.74931880108991,77.3841961852861,416.89373297002726,0.8337874659400545
30535,42.37057220708447,49.182561307901906,41.00817438692098,42.37057220708447,41.00817438692098,245.91280653950952,0.49182561307901906
30536,59.94550408719346,65.53133514986376,60.217983651226156,59.94550408719346,59.94550408719346,327.6566757493188,0.6553133514986377
30537,59.67302452316076,65.25885558583106,59.67302452316076,59.264305177111716,59.67302452316076,326.29427792915527,0.6525885558583105
30538,68.25613079019074,69.20980926430518,68.66485013623978,68.52861035422343,68.52861035422343,346.0490463215259,0.6920980926430518
30540,9.128065395095367,14.032697547683924,9.809264305177111,10.08174386920981,9.809264305177111,70.16348773841962,0.14032697547683923
30541,11.852861035422343,17.029972752043598,11.852861035422343,12.125340599455042,11.852861035422343,85.14986376021798,0.17029972752043596
30542,31.06267029972752,43.05177111716621,33.37874659400545,28.74659400544959,33.514986376021795,215.25885558583104,0.4305177111716621
30543,78.2016348773842,79.83651226158038,78.88283378746594,77.9291553133515,78.61035422343325,399.1825613079019,0.7983651226158038
30545,36.37602179836512,39.509536784741144,33.514986376021795,35.42234332425068,33.37874659400545,197.54768392370573,0.39509536784741145
30546,86.64850136239782,88.41961852861036,86.51226158038148,86.51226158038148,86.64850136239782,442.0980926430518,0.8841961852861037
30547,85.14986376021798,87.32970027247957,86.10354223433242,85.28610354223433,85.96730245231608,436.64850136239784,0.8732970027247957
30548,50.13623978201635,50.54495912806539,50.0,42.09809264305177,49.86376021798365,252.72479564032696,0.5054495912806539
30549,81.47138964577657,82.6975476839237,81.60762942779292,80.51771117166213,81.19891008174388,413.4877384196185,0.826975476839237
30552,4.632152588555858,7.356948228882834,4.632152588555858,4.632152588555858,4.632152588555858,36.78474114441417,0.07356948228882834
30553,73.16076294277929,75.61307901907357,73.56948228882834,73.16076294277929,73.56948228882834,378.0653950953678,0.7561307901907357
30554,93.8692098092643,96.04904632152588,94.55040871934605,94.4141689373297,94.27792915531334,480.2452316076294,0.9604904632152589
30555,11.852861035422343,17.029972752043598,11.852861035422343,12.125340599455042,11.852861035422343,85.14986376021798,0.17029972752043596
30557,67.98365122615805,68.93732970027249,68.11989100817439,68.39237057220708,68.25613079019074,344.6866485013624,0.6893732970027249
30558,88.28337874659401,88.8283378746594,88.8283378746594,88.41961852861036,88.69209809264305,444.14168937329697,0.8882833787465939
30559,12.942779291553133,18.392370572207085,12.397820163487738,13.215258855585832,12.534059945504087,91.96185286103542,0.18392370572207084
30560,13.623978201634877,22.752043596730246,13.896457765667575,14.30517711171662,14.032697547683924,113.76021798365123,0.22752043596730245
30562,54.49591280653951,60.08174386920981,54.904632152588555,54.08719346049046,54.76839237057221,300.40871934604905,0.6008174386920981
30563,64.57765667574932,65.66757493188011,63.89645776566758,65.80381471389646,64.16893732970027,328.33787465940054,0.6566757493188011
30564,19.20980926430518,31.47138964577657,20.29972752043597,20.16348773841962,20.572207084468666,157.35694822888286,0.3147138964577657
30565,46.45776566757493,48.50136239782017,43.46049046321526,46.321525885558586,43.869209809264305,242.50681198910084,0.4850136239782017
30566,7.220708446866485,9.400544959128066,7.629427792915531,6.8119891008174385,7.629427792915531,47.00272479564033,0.09400544959128067
30567,51.63487738419619,56.53950953678474,52.17983651226158,51.22615803814714,51.49863760217983,282.6975476839237,0.5653950953678474
30568,54.49591280653951,60.08174386920981,54.904632152588555,54.08719346049046,54.76839237057221,300.40871934604905,0.6008174386920981
30571,45.64032697547684,45.91280653950954,39.91825613079019,41.689373297002724,39.91825613079019,229.5640326975477,0.45912806539509543
30572,12.806539509536785,20.29972752043597,13.215258855585832,12.942779291553133,13.215258855585832,101.49863760217984,0.20299727520435967
30573,17.438692098092645,22.47956403269755,17.302452316076295,19.891008174386922,17.71117166212534,112.39782016348775,0.2247956403269755
30575,14.032697547683924,17.438692098092645,14.032697547683924,14.168937329700272,13.896457765667575,87.19346049046322,0.17438692098092645
30576,11.989100817438691,16.757493188010898,12.26158038147139,12.397820163487738,12.26158038147139,83.78746594005449,0.16757493188010897
30577,98.22888283378747,98.91008174386921,98.50136239782016,98.36512261580381,98.50136239782016,494.5504087193461,0.9891008174386922
30581,4.632152588555858,7.356948228882834,4.632152588555858,4.632152588555858,4.632152588555858,36.78474114441417,0.07356948228882834
30582,50.68119891008175,56.81198910081744,50.2724795640327,51.36239782016349,50.2724795640327,284.0599455040872,0.5681198910081744
30601,82.97002724795641,82.83378746594005,80.79019073569482,81.33514986376022,80.92643051771117,414.16893732970027,0.8283378746594006
30602,9.945504087193461,12.806539509536785,6.4032697547683926,6.4032697547683926,6.4032697547683926,64.03269754768392,0.12806539509536785
30605,64.71389645776567,62.39782016348774,62.26158038147139,64.98637602179836,62.12534059945504,311.98910081743867,0.6239782016348774
30606,79.70027247956403,73.56948228882834,78.7465940054496,80.65395095367847,78.7465940054496,367.8474114441417,0.7356948228882834
30607,65.25885558583106,65.39509536784742,65.25885558583106,64.44141689373296,65.53133514986376,326.9754768392371,0.6539509536784742
30609,3.2697547683923704,4.632152588555858,0.0,0.0,0.0,23.16076294277929,0.04632152588555858
30619,60.08174386920981,64.57765667574932,60.08174386920981,61.171662125340596,60.217983651226156,322.8882833787466,0.6457765667574933
30620,23.024523160762943,29.427792915531334,23.978201634877383,20.29972752043597,23.978201634877383,147.13896457765668,0.29427792915531337
30621,38.14713896457766,46.59400544959128,38.96457765667575,37.73841961852861,39.237057220708444,232.9700272479564,0.4659400544959128
30622,52.724795640326974,54.904632152588555,53.54223433242507,53.54223433242507,53.678474114441414,274.5231607629428,0.5490463215258856
30623,25.61307901907357,32.833787465940055,25.749318801089917,24.38692098092643,25.749318801089917,164.16893732970027,0.32833787465940056
30624,75.20435967302453,75.20435967302453,75.34059945504087,75.88555858310627,75.47683923705722,376.02179836512266,0.7520435967302453
30625,58.583106267029976,62.67029972752044,59.264305177111716,59.67302452316076,59.264305177111716,313.35149863760216,0.6267029972752043
30627,60.217983651226156,61.85286103542234,58.99182561307902,60.217983651226156,58.85558583106267,309.26430517711174,0.6185286103542235
30628,46.321525885558586,48.228882833787466,45.095367847411445,47.002724795640326,45.095367847411445,241.14441416893732,0.4822888283378746
30629,29.83651226158038,33.514986376021795,29.97275204359673,31.47138964577657,29.97275204359673,167.57493188010898,0.33514986376021794
30630,17.847411444141688,25.749318801089917,17.57493188010899,18.66485013623978,17.847411444141688,128.7465940054496,0.2574931880108992
30631,38.283378746594,44.6866485013624,38.828337874659404,36.51226158038147,38.14713896457766,223.433242506812,0.446866485013624
30633,68.11989100817439,69.34604904632153,68.25613079019074,68.80108991825612,68.39237057220708,346.7302452316076,0.6934604904632152
30634,74.38692098092643,72.88828337874659,73.97820163487738,75.34059945504087,73.97820163487738,364.44141689373294,0.7288828337874659
30635,73.02452316076294,73.02452316076294,73.16076294277929,74.38692098092643,73.29700272479565,365.1226158038147,0.7302452316076294
30641,35.83106267029973,40.735694822888284,36.10354223433242,36.10354223433242,36.10354223433242,203.67847411444143,0.40735694822888285
30642,86.37602179836512,83.10626702997276,85.42234332425068,85.55858310626704,85.42234332425068,415.53133514986376,0.8310626702997276
30643,86.10354223433242,87.05722070844686,86.23978201634877,85.83106267029973,86.23978201634877,435.2861035422343,0.8705722070844686
30646,21.798365122615802,30.245231607629428,22.615803814713896,23.43324250681199,22.752043596730246,151.22615803814713,0.30245231607629425
30648,76.97547683923706,78.61035422343325,76.83923705722071,77.79291553133515,76.83923705722071,393.05177111716625,0.7861035422343325
30650,97.68392370572207,97.82016348773843,97.68392370572207,97.41144414168937,97.68392370572207,489.10081743869216,0.9782016348773843
30655,52.45231607629428,53.26975476839237,52.58855585831063,52.58855585831063,52.86103542234333,266.3487738419618,0.5326975476839236
30656,34.741144414168936,38.01089918256131,35.83106267029973,35.83106267029973,35.83106267029973,190.05449591280654,0.3801089918256131
30660,56.94822888283379,60.35422343324251,56.26702997275204,57.62942779291553,56.130790190735695,301.77111716621255,0.6035422343324252
30662,66.89373297002724,68.80108991825612,66.62125340599455,68.25613079019074,66.7574931880109,344.00544959128064,0.6880108991825613
30663,56.67574931880109,60.762942779291556,55.858310626702995,56.53950953678474,55.858310626702995,303.81471389645776,0.6076294277929155
30664,26.294277929155314,35.28610354223433,27.111716621253407,25.749318801089917,27.111716621253407,176.43051771117166,0.3528610354223433
30665,20.29972752043597,17.983651226158038,19.346049046321525,20.980926430517712,19.346049046321525,89.91825613079018,0.17983651226158037
30666,39.91825613079019,45.50408719346049,41.416893732970024,40.05449591280654,41.416893732970024,227.52043596730246,0.4550408719346049
30667,48.36512261580381,51.771117166212534,48.77384196185286,50.13623978201635,48.91008174386921,258.8555858310627,0.5177111716621253
30668,68.52861035422343,69.75476839237058,67.84741144414168,66.4850136239782,67.57493188010899,348.7738419618529,0.6975476839237058
30669,91.55313351498637,91.96185286103542,90.59945504087193,90.59945504087193,90.59945504087193,459.8092643051771,0.9196185286103543
30673,57.22070844686648,52.31607629427793,57.49318801089918,56.67574931880109,56.403269754768395,261.5803814713896,0.5231607629427792
30677,64.98637602179836,68.39237057220708,64.44141689373296,64.71389645776567,64.71389645776567,341.9618528610354,0.6839237057220708
30678,69.34604904632153,67.02997275204359,69.20980926430518,69.75476839237058,69.34604904632153,335.14986376021795,0.6702997275204359
30680,52.997275204359674,58.038147138964575,53.950953678474114,50.68119891008175,53.950953678474114,290.1907356948229,0.5803814713896458
30683,13.896457765667575,18.80108991825613,13.623978201634877,13.623978201634877,13.623978201634877,94.00544959128067,0.18801089918256134
30701,99.31880108991825,99.4550408719346,99.31880108991825,99.31880108991825,99.31880108991825,497.275204359673,0.9945504087193461
30705,94.95912806539509,94.55040871934605,95.09536784741144,94.00544959128065,94.95912806539509,472.75204359673023,0.9455040871934605
30707,41.961852861035425,53.40599455040872,42.643051771117165,42.643051771117165,42.37057220708447,267.0299727520436,0.5340599455040872
30708,25.61307901907357,32.833787465940055,25.749318801089917,24.38692098092643,25.749318801089917,164.16893732970027,0.32833787465940056
30710,29.019073569482288,41.689373297002724,30.245231607629428,31.06267029972752,30.381471389645778,208.44686648501363,0.41689373297002724
30711,41.28065395095368,45.776566757493185,41.28065395095368,40.735694822888284,40.87193460490463,228.88283378746593,0.45776566757493187
30720,73.70572207084469,72.75204359673025,74.52316076294278,75.47683923705722,74.52316076294278,363.7602179836512,0.7275204359673024
30721,95.77656675749319,95.64032697547684,95.91280653950953,96.45776566757493,95.91280653950953,478.2016348773842,0.9564032697547684
30725,6.8119891008174385,11.989100817438691,7.084468664850136,7.629427792915531,7.084468664850136,59.945504087193456,0.11989100817438691
30726,10.354223433242506,14.986376021798366,10.762942779291553,9.400544959128066,10.626702997275205,74.93188010899183,0.14986376021798367
30728,15.66757493188011,24.931880108991827,16.076294277929154,16.4850136239782,15.940054495912806,124.65940054495914,0.24931880108991827
30730,45.36784741144414,45.64032697547684,44.27792915531335,43.05177111716621,44.141689373297005,228.2016348773842,0.4564032697547684
30731,68.80108991825612,68.66485013623978,68.80108991825612,68.66485013623978,68.80108991825612,343.3242506811989,0.6866485013623979
30733,19.346049046321525,23.841961852861036,20.02724795640327,21.38964577656676,20.02724795640327,119.20980926430518,0.23841961852861035
30734,63.079019073569484,67.98365122615805,63.62397820163488,63.079019073569484,63.62397820163488,339.9182561307902,0.6798365122615805
30735,89.9182561307902,90.46321525885558,89.9182561307902,90.05449591280654,89.78201634877384,452.31607629427793,0.9046321525885559
30736,74.93188010899182,80.38147138964578,75.47683923705722,72.75204359673025,75.20435967302453,401.9073569482289,0.8038147138964578
30738,18.52861035422343,27.6566757493188,18.80108991825613,21.662125340599456,18.66485013623978,138.283378746594,0.276566757493188
30739,19.482288828337875,31.19891008174387,20.435967302452315,17.983651226158038,20.29972752043597,155.99455040871933,0.3119891008174387
30740,42.643051771117165,40.87193460490463,40.87193460490463,44.00544959128065,41.14441416893733,204.35967302452315,0.4087193460490463
30741,49.59128065395095,60.490463215258856,50.54495912806539,52.724795640326974,50.54495912806539,302.45231607629427,0.6049046321525885
30742,23.29700272479564,35.967302452316076,25.068119891008173,25.885558583106267,24.931880108991827,179.83651226158037,0.35967302452316074
30746,43.596730245231605,47.13896457765667,44.00544959128065,45.776566757493185,43.73297002724796,235.69482288828337,0.4713896457765667
30747,95.2316076294278,95.77656675749319,95.50408719346049,94.6866485013624,95.50408719346049,478.8828337874659,0.9577656675749319
30750,11.307901907356948,15.39509536784741,10.899182561307901,11.1716621253406,11.035422343324251,76.97547683923705,0.15395095367847408
30751,25.61307901907357,32.833787465940055,25.749318801089917,24.38692098092643,25.749318801089917,164.16893732970027,0.32833787465940056
30752,13.35149863760218,17.302452316076295,13.487738419618529,13.487738419618529,13.487738419618529,86.51226158038148,0.17302452316076294
30753,73.56948228882834,74.38692098092643,72.75204359673025,71.93460490463215,72.75204359673025,371.9346049046322,0.7438692098092644
30755,70.02724795640327,70.43596730245231,69.75476839237058,71.2534059945504,69.75476839237058,352.17983651226155,0.7043596730245231
30756,8.719346049046322,14.850136239782016,9.536784741144414,10.354223433242506,9.673024523160763,74.25068119891007,0.14850136239782014
30757,2.1798365122615806,4.359673024523161,2.5885558583106265,2.5885558583106265,2.4523160762942777,21.798365122615806,0.04359673024523161
30802,57.356948228882835,61.30790190735695,55.99455040871935,55.99455040871935,55.99455040871935,306.53950953678475,0.6130790190735695
30803,73.97820163487738,75.06811989100818,74.38692098092643,74.25068119891009,74.38692098092643,375.3405994550409,0.7506811989100818
30805,45.23160762942779,41.416893732970024,43.05177111716621,42.915531335149865,43.05177111716621,207.08446866485014,0.4141689373297003
30807,16.348773841961854,20.980926430517712,15.53133514986376,16.076294277929154,15.53133514986376,104.90463215258856,0.20980926430517713
30808,74.11444141689373,67.43869209809264,73.29700272479565,73.433242506812,73.16076294277929,337.1934604904632,0.6743869209809265
30809,51.771117166212534,58.44686648501362,52.997275204359674,46.59400544959128,52.31607629427793,292.2343324250681,0.5844686648501362
30810,82.56130790190736,84.33242506811989,82.97002724795641,82.42506811989101,82.97002724795641,421.66212534059946,0.843324250681199
30812,1.2261580381471389,1.0899182561307903,1.4986376021798364,1.4986376021798364,1.4986376021798364,5.4495912806539515,0.010899182561307903
30813,65.12261580381471,62.26158038147139,65.53133514986376,64.30517711171662,64.30517711171662,311.30790190735695,0.6226158038147139
30814,33.65122615803815,33.92370572207084,33.65122615803815,34.19618528610354,33.92370572207084,169.61852861035422,0.33923705722070846
30815,80.92643051771117,73.433242506812,80.38147138964578,79.97275204359673,80.10899182561307,367.16621253406,0.73433242506812
30816,89.3732970027248,87.46594005449592,88.5558583106267,88.8283378746594,88.5558583106267,437.3297002724796,0.8746594005449593
30817,87.32970027247957,88.14713896457765,88.14713896457765,88.0108991825613,88.0108991825613,440.73569482288826,0.8814713896457765
30818,39.509536784741144,44.141689373297005,38.69209809264305,39.509536784741144,38.828337874659404,220.70844686648502,0.44141689373297005
30820,70.43596730245231,70.70844686648502,68.93732970027249,69.20980926430518,68.93732970027249,353.5422343324251,0.7070844686648502
30821,47.275204359673026,47.68392370572207,47.54768392370572,47.54768392370572,47.68392370572207,238.41961852861036,0.4768392370572207
30822,39.509536784741144,44.141689373297005,38.69209809264305,39.509536784741144,38.828337874659404,220.70844686648502,0.44141689373297005
30823,96.59400544959128,97.54768392370572,97.13896457765668,97.00272479564033,97.13896457765668,487.7384196185286,0.9754768392370572
30824,95.50408719346049,92.09809264305177,94.6866485013624,95.36784741144415,94.6866485013624,460.49046321525884,0.9209809264305177
30828,67.43869209809264,68.25613079019074,67.43869209809264,67.43869209809264,67.43869209809264,341.2806539509537,0.6825613079019074
30830,76.43051771117166,70.16348773841962,75.06811989100818,76.02179836512262,75.34059945504087,350.8174386920981,0.7016348773841963
30833,39.509536784741144,44.141689373297005,38.69209809264305,39.509536784741144,38.828337874659404,220.70844686648502,0.44141689373297005
30901,97.27520435967303,96.18528610354224,96.86648501362397,97.54768392370572,96.86648501362397,480.9264305177112,0.9618528610354224
30903,7.901907356948229,11.307901907356948,8.174386920980927,8.038147138964577,8.446866485013624,56.53950953678474,0.11307901907356949
30904,90.32697547683924,88.0108991825613,90.46321525885558,92.23433242506812,90.32697547683924,440.0544959128065,0.880108991825613
30905,9.809264305177111,7.629427792915531,8.583106267029972,8.85558583106267,7.901907356948229,38.14713896457766,0.07629427792915532
30906,90.73569482288828,78.7465940054496,91.68937329700273,89.9182561307902,91.68937329700273,393.732970027248,0.787465940054496
30907,75.74931880108991,75.88555858310627,76.15803814713897,75.06811989100818,76.02179836512262,379.42779291553137,0.7588555858310627
30909,83.37874659400545,76.83923705722071,83.92370572207085,85.01362397820164,83.5149863760218,384.19618528610357,0.7683923705722071
30912,16.893732970027248,15.66757493188011,17.166212534059945,21.11716621253406,17.302452316076295,78.33787465940054,0.15667574931880107
31001,79.97275204359673,82.28882833787466,79.97275204359673,80.38147138964578,80.24523160762942,411.4441416893733,0.8228882833787465
31002,88.0108991825613,89.50953678474114,87.19346049046321,87.19346049046321,87.32970027247957,447.54768392370573,0.8950953678474115
31003,22.888283378746593,26.430517711171664,23.29700272479564,23.705722070844686,23.43324250681199,132.15258855585833,0.26430517711171664
31005,12.397820163487738,14.577656675749319,12.534059945504087,11.444141689373296,12.397820163487738,72.88828337874659,0.14577656675749318
31006,59.80926430517711,57.356948228882835,57.76566757493188,59.80926430517711,57.90190735694823,286.78474114441417,0.5735694822888283
31007,77.3841961852861,79.29155313351498,77.9291553133515,77.3841961852861,77.9291553133515,396.4577656675749,0.7929155313351498
31008,44.822888283378745,47.82016348773842,47.13896457765667,47.68392370572207,47.002724795640326,239.1008174386921,0.4782016348773842
31009,2.7247956403269753,4.223433242506812,2.997275204359673,3.4059945504087192,2.997275204359673,21.11716621253406,0.04223433242506812
31011,75.47683923705722,75.74931880108991,75.74931880108991,76.29427792915531,75.88555858310627,378.74659400544954,0.757493188010899
31012,71.66212534059946,73.16076294277929,71.66212534059946,71.66212534059946,71.7983651226158,365.80381471389643,0.7316076294277929
31014,77.52043596730245,78.06539509536785,77.3841961852861,77.52043596730245,77.52043596730245,390.32697547683927,0.7806539509536785
31015,97.95640326975477,98.09264305177112,97.82016348773843,97.82016348773843,97.82016348773843,490.4632152588556,0.9809264305177112
31016,61.85286103542234,63.35149863760218,62.67029972752044,63.76021798365122,62.53405994550409,316.75749318801087,0.6335149863760218
31017,31.607629427792915,34.33242506811989,33.2425068119891,34.46866485013624,33.2425068119891,171.66212534059946,0.34332425068119893
31018,49.31880108991825,41.55313351498638,49.182561307901906,50.817438692098094,49.31880108991825,207.76566757493188,0.4155313351498638
31019,16.4850136239782,19.20980926430518,16.4850136239782,17.438692098092645,16.893732970027248,96.04904632152589,0.19209809264305178
31020,6.130790190735695,5.313351498637602,5.722070844686648,5.994550408719346,5.722070844686648,26.56675749318801,0.05313351498637602
31021,85.55858310626704,80.51771117166213,85.14986376021798,85.69482288828338,85.28610354223433,402.58855585831066,0.8051771117166213
31022,25.749318801089917,26.56675749318801,22.888283378746593,23.29700272479564,23.024523160762943,132.83378746594005,0.2656675749318801
31023,99.04632152588556,99.04632152588556,99.04632152588556,99.1825613079019,99.04632152588556,495.2316076294278,0.9904632152588556
31024,72.6158038147139,76.566757493188,73.433242506812,73.29700272479565,73.433242506812,382.83378746594,0.7656675749318801
31025,0.6811989100817438,1.9073569482288828,1.2261580381471389,1.2261580381471389,1.2261580381471389,9.536784741144414,0.01907356948228883
31027,37.32970027247956,39.64577656675749,34.46866485013624,35.55858310626703,34.60490463215259,198.22888283378745,0.3964577656675749
31028,16.757493188010898,22.20708446866485,17.847411444141688,19.20980926430518,17.438692098092645,111.03542234332424,0.22207084468664848
31029,20.980926430517712,30.92643051771117,21.525885558583106,22.3433242506812,21.525885558583106,154.63215258855587,0.30926430517711173
31030,46.86648501362398,44.822888283378745,47.275204359673026,46.73024523160763,47.41144414168937,224.11444141689373,0.4482288828337875
31031,81.06267029972751,83.7874659400545,82.15258855585832,82.01634877384195,82.28882833787466,418.9373297002725,0.8378746594005451
31032,38.828337874659404,46.18528610354223,40.463215258855584,39.782016348773844,40.463215258855584,230.92643051771117,0.46185286103542234
31033,26.839237057220707,30.381471389645778,27.247956403269754,27.111716621253407,27.247956403269754,151.90735694822888,0.30381471389645776
31035,21.525885558583106,22.888283378746593,21.662125340599456,23.024523160762943,21.662125340599456,114.44141689373296,0.22888283378746593
31036,79.56403269754769,76.02179836512262,78.2016348773842,78.88283378746594,78.2016348773842,380.1089918256131,0.7602179836512262
31037,56.130790190735695,55.72207084468665,52.31607629427793,54.904632152588555,52.45231607629428,278.61035422343326,0.5572207084468666
31038,35.967302452316076,37.87465940054496,33.787465940054496,35.013623978201636,34.059945504087196,189.37329700272477,0.3787465940054495
31039,24.795640326975477,24.659400544959126,24.52316076294278,26.56675749318801,24.52316076294278,123.29700272479563,0.24659400544959126
31041,13.487738419618529,16.4850136239782,13.35149863760218,13.760217983651225,13.35149863760218,82.42506811989101,0.164850136239782
31042,63.76021798365122,64.16893732970027,64.98637602179836,65.39509536784742,65.12261580381471,320.84468664850135,0.6416893732970027
31044,65.80381471389646,66.7574931880109,66.4850136239782,67.57493188010899,66.4850136239782,333.7874659400545,0.6675749318801091
31045,20.572207084468666,21.798365122615802,17.438692098092645,18.93732970027248,17.57493188010899,108.99182561307902,0.21798365122615804
31046,11.580381471389646,13.35149863760218,12.125340599455042,11.307901907356948,12.125340599455042,66.7574931880109,0.1335149863760218
31047,16.62125340599455,22.070844686648503,16.757493188010898,14.577656675749319,16.757493188010898,110.35422343324251,0.22070844686648503
31049,72.88828337874659,72.47956403269755,71.93460490463215,72.20708446866485,72.20708446866485,362.3978201634878,0.7247956403269755
31050,3.678474114441417,5.449591280653951,3.9509536784741144,3.9509536784741144,3.9509536784741144,27.247956403269754,0.05449591280653951
31051,43.596730245231605,47.13896457765667,44.00544959128065,45.776566757493185,43.73297002724796,235.69482288828337,0.4713896457765667
31052,9.264305177111716,12.125340599455042,9.400544959128066,9.128065395095367,9.400544959128066,60.62670299727521,0.12125340599455042
31054,81.88010899182561,83.92370572207085,82.6975476839237,83.10626702997276,82.83378746594005,419.61852861035425,0.8392370572207085
31055,77.79291553133515,74.52316076294278,76.29427792915531,76.83923705722071,76.29427792915531,372.6158038147139,0.7452316076294279
31057,40.59945504087194,42.23433242506812,41.14441416893733,41.82561307901907,41.28065395095368,211.1716621253406,0.42234332425068116
31058,27.79291553133515,27.52043596730245,26.70299727520436,28.474114441416894,26.70299727520436,137.60217983651225,0.2752043596730245
31060,87.46594005449592,85.14986376021798,87.05722070844686,87.46594005449592,87.19346049046321,425.7493188010899,0.8514986376021798
31061,99.86376021798365,99.86376021798365,99.86376021798365,99.86376021798365,99.86376021798365,499.3188010899183,0.9986376021798365
31062,5.5858310626703,5.994550408719346,5.177111716621253,5.040871934604905,5.177111716621253,29.972752043596728,0.05994550408719346
31063,88.69209809264305,90.05449591280654,89.23705722070845,89.23705722070845,89.23705722070845,450.2724795640327,0.9005449591280654
31064,71.93460490463215,74.25068119891009,71.52588555858311,71.11716621253406,71.52588555858311,371.25340599455046,0.742506811989101
31065,14.986376021798366,19.754768392370572,14.44141689373297,14.44141689373297,14.44141689373297,98.77384196185287,0.19754768392370572
31066,8.583106267029972,11.444141689373296,9.264305177111716,9.536784741144414,9.264305177111716,57.22070844686648,0.11444141689373297
31067,8.038147138964577,6.8119891008174385,6.948228882833788,7.356948228882834,6.948228882833788,34.059945504087196,0.0681198910081744
31068,26.430517711171664,31.06267029972752,23.841961852861036,27.52043596730245,23.841961852861036,155.31335149863762,0.31062670299727524
31069,21.25340599455041,25.885558583106267,21.798365122615802,21.934604904632153,21.798365122615802,129.42779291553134,0.25885558583106266
31070,87.60217983651226,89.1008174386921,88.41961852861036,88.14713896457765,88.41961852861036,445.5040871934605,0.891008174386921
31071,64.44141689373296,63.079019073569484,65.12261580381471,65.66757493188011,65.25885558583106,315.39509536784743,0.6307901907356949
31072,89.64577656675749,91.14441416893733,89.78201634877384,89.78201634877384,90.05449591280654,455.72207084468664,0.9114441416893733
31075,2.7247956403269753,4.223433242506812,2.997275204359673,3.4059945504087192,2.997275204359673,21.11716621253406,0.04223433242506812
31076,83.10626702997276,80.92643051771117,81.47138964577657,82.83378746594005,81.33514986376022,404.63215258855587,0.8092643051771118
31077,55.99455040871935,49.31880108991825,55.44959128065395,57.356948228882835,55.3133514986376,246.59400544959126,0.4931880108991825
31078,10.626702997275205,13.623978201634877,11.035422343324251,10.490463215258856,11.307901907356948,68.11989100817439,0.1362397820163488
31079,93.05177111716621,94.4141689373297,93.3242506811989,93.46049046321527,93.3242506811989,472.0708446866485,0.944141689373297
31081,24.795640326975477,24.659400544959126,24.52316076294278,26.56675749318801,24.52316076294278,123.29700272479563,0.24659400544959126
31082,95.91280653950953,94.6866485013624,95.64032697547684,95.64032697547684,95.64032697547684,473.433242506812,0.946866485013624
31083,36.64850136239782,38.555858310626704,31.33514986376022,33.65122615803815,31.607629427792915,192.77929155313353,0.38555858310626706
31084,48.36512261580381,51.771117166212534,48.77384196185286,50.13623978201635,48.91008174386921,258.8555858310627,0.5177111716621253
31085,55.3133514986376,61.444141689373296,56.130790190735695,56.403269754768395,56.26702997275204,307.22070844686647,0.614441416893733
31087,75.61307901907357,76.29427792915531,74.11444141689373,73.84196185286103,74.11444141689373,381.4713896457766,0.7629427792915532
31088,56.26702997275204,54.76839237057221,57.90190735694823,58.99182561307902,57.49318801089918,273.84196185286106,0.5476839237057222
31089,80.24523160762942,77.9291553133515,80.24523160762942,80.92643051771117,80.51771117166213,389.6457765667575,0.779291553133515
31090,63.76021798365122,64.16893732970027,64.98637602179836,65.39509536784742,65.12261580381471,320.84468664850135,0.6416893732970027
31091,84.46866485013624,84.19618528610354,84.87738419618529,83.92370572207085,84.87738419618529,420.9809264305177,0.8419618528610354
31092,96.32152588555859,97.13896457765668,96.32152588555859,96.32152588555859,96.45776566757493,485.6948228882834,0.9713896457765668
31093,57.76566757493188,56.67574931880109,58.583106267029976,60.08174386920981,58.310626702997276,283.37874659400546,0.5667574931880109
31094,71.7983651226158,67.3024523160763,70.43596730245231,71.7983651226158,70.43596730245231,336.5122615803815,0.673024523160763
31096,92.50681198910081,93.05177111716621,92.77929155313352,92.64305177111717,92.77929155313352,465.25885558583104,0.9305177111716622
31097,74.65940054495913,76.43051771117166,75.20435967302453,74.93188010899182,75.06811989100818,382.1525885558583,0.7643051771117166
31098,11.1716621253406,12.942779291553133,11.307901907356948,12.26158038147139,11.1716621253406,64.71389645776567,0.12942779291553133
31201,87.73841961852861,87.60217983651226,87.32970027247957,86.92098092643052,87.05722070844686,438.01089918256133,0.8760217983651227
31204,96.18528610354224,94.82288828337875,96.04904632152588,96.18528610354224,96.04904632152588,474.1144414168937,0.9482288828337875
31206,32.01634877384196,18.256130790190735,33.10626702997275,29.70027247956403,33.10626702997275,91.28065395095368,0.18256130790190736
31207,27.247956403269754,29.70027247956403,24.795640326975477,24.795640326975477,24.795640326975477,148.50136239782015,0.29700272479564027
31210,27.52043596730245,25.340599455040874,27.79291553133515,30.108991825613078,27.929155313351497,126.70299727520437,0.25340599455040874
31211,45.095367847411445,39.91825613079019,45.776566757493185,46.86648501362398,45.23160762942779,199.59128065395095,0.3991825613079019
31213,9.809264305177111,7.629427792915531,8.583106267029972,8.85558583106267,7.901907356948229,38.14713896457766,0.07629427792915532
31216,13.079019073569482,15.122615803814714,12.942779291553133,12.806539509536785,13.079019073569482,75.61307901907357,0.15122615803814712
31217,28.474114441416894,25.47683923705722,28.065395095367847,28.337874659400544,27.6566757493188,127.3841961852861,0.2547683923705722
31220,8.446866485013624,10.08174386920981,9.128065395095367,9.673024523160763,9.128065395095367,50.40871934604905,0.1008174386920981
31301,81.74386920980926,82.97002724795641,82.83378746594005,82.56130790190736,82.6975476839237,414.85013623978205,0.8297002724795641
31302,35.55858310626703,41.00817438692098,34.60490463215259,29.564032697547685,33.65122615803815,205.0408719346049,0.4100817438692098
31303,17.983651226158038,27.111716621253407,18.52861035422343,17.847411444141688,18.52861035422343,135.55858310626704,0.27111716621253407
31304,7.493188010899183,8.719346049046322,7.356948228882834,7.901907356948229,7.356948228882834,43.59673024523161,0.08719346049046323
31305,14.850136239782016,18.11989100817439,14.850136239782016,16.212534059945504,14.850136239782016,90.59945504087194,0.18119891008174388
31307,5.994550408719346,9.673024523160763,6.130790190735695,5.722070844686648,6.130790190735695,48.36512261580381,0.09673024523160763
31308,7.76566757493188,11.035422343324251,7.901907356948229,7.220708446866485,8.174386920980927,55.177111716621255,0.11035422343324251
31309,43.05177111716621,42.37057220708447,44.141689373297005,44.4141689373297,44.27792915531335,211.85286103542236,0.4237057220708447
31312,53.13351498637602,61.58038147138964,53.678474114441414,50.95367847411444,53.54223433242507,307.9019073569482,0.6158038147138963
31313,99.1825613079019,99.1825613079019,99.1825613079019,99.04632152588556,99.1825613079019,495.9128065395095,0.9918256130790191
31314,17.57493188010899,22.615803814713896,16.893732970027248,15.39509536784741,16.4850136239782,113.07901907356948,0.22615803814713897
31315,24.114441416893733,29.019073569482288,23.569482288828336,21.525885558583106,22.47956403269755,145.09536784741144,0.2901907356948229
31316,77.3841961852861,79.29155313351498,77.9291553133515,77.3841961852861,77.9291553133515,396.4577656675749,0.7929155313351498
31318,5.994550408719346,9.673024523160763,6.130790190735695,5.722070844686648,6.130790190735695,48.36512261580381,0.09673024523160763
31320,64.30517711171662,62.53405994550409,65.39509536784742,65.53133514986376,65.39509536784742,312.67029972752044,0.625340599455041
31321,7.76566757493188,11.035422343324251,7.901907356948229,7.220708446866485,8.174386920980927,55.177111716621255,0.11035422343324251
31322,50.40871934604905,45.23160762942779,47.82016348773842,43.73297002724796,46.86648501362398,226.15803814713897,0.45231607629427795
31323,81.19891008174388,83.2425068119891,82.56130790190736,82.28882833787466,82.56130790190736,416.2125340599455,0.832425068119891
31324,11.035422343324251,14.30517711171662,11.580381471389646,10.217983651226158,10.899182561307901,71.5258855585831,0.1430517711171662
31326,33.787465940054496,43.32425068119891,35.14986376021798,32.561307901907355,34.741144414168936,216.62125340599457,0.4332425068119891
31327,7.493188010899183,8.719346049046322,7.356948228882834,7.901907356948229,7.356948228882834,43.59673024523161,0.08719346049046323
31328,0.4087193460490463,2.043596730245232,0.9536784741144414,1.0899182561307903,1.0899182561307903,10.21798365122616,0.02043596730245232
31329,29.70027247956403,38.828337874659404,30.92643051771117,28.201634877384198,30.92643051771117,194.14168937329703,0.3882833787465941
31331,24.931880108991827,28.61035422343324,26.158038147138964,27.384196185286104,26.294277929155314,143.0517711171662,0.2861035422343324
31401,85.96730245231608,80.79019073569482,85.83106267029973,87.05722070844686,85.69482288828338,403.9509536784741,0.8079019073569482
31404,65.66757493188011,53.950953678474114,64.30517711171662,65.9400544959128,64.03269754768392,269.7547683923706,0.5395095367847411
31405,58.71934604904632,40.19073569482289,57.62942779291553,61.03542234332425,56.67574931880109,200.95367847411444,0.4019073569482289
31406,65.53133514986376,61.98910081743869,64.03269754768392,63.62397820163488,63.89645776566758,309.94550408719346,0.6198910081743869
31407,23.160762942779293,22.3433242506812,21.934604904632153,21.798365122615802,21.934604904632153,111.716621253406,0.223433242506812
31408,57.62942779291553,48.09264305177112,57.084468664850135,58.44686648501362,56.94822888283379,240.4632152588556,0.4809264305177112
31409,2.043596730245232,1.4986376021798364,1.0899182561307903,0.9536784741144414,0.9536784741144414,7.493188010899182,0.014986376021798364
31410,10.762942779291553,16.348773841961854,11.444141689373296,12.670299727520437,11.580381471389646,81.74386920980928,0.16348773841961856
31411,3.4059945504087192,6.4032697547683926,3.678474114441417,4.223433242506812,3.678474114441417,32.01634877384196,0.06403269754768393
31415,61.171662125340596,52.58855585831063,59.80926430517711,61.716621253406,59.536784741144416,262.94277929155317,0.5258855585831064
31419,50.54495912806539,41.961852861035425,49.31880108991825,47.13896457765667,47.956403269754766,209.80926430517712,0.41961852861035426
31501,89.78201634877384,84.74114441416894,89.50953678474114,90.19073569482289,89.50953678474114,423.70572207084473,0.8474114441416895
31503,94.6866485013624,93.18801089918256,94.4141689373297,95.09536784741144,94.55040871934605,465.9400544959128,0.9318801089918256
31510,97.82016348773843,98.6376021798365,97.95640326975477,97.95640326975477,97.95640326975477,493.18801089918253,0.986376021798365
31512,45.91280653950954,50.0,46.049046321525886,44.9591280653951,46.45776566757493,250.0,0.5
31513,97.41144414168937,95.91280653950953,97.27520435967303,97.27520435967303,97.27520435967303,479.56403269754765,0.9591280653950953
31516,92.77929155313352,94.27792915531334,93.05177111716621,93.05177111716621,93.05177111716621,471.38964577656674,0.9427792915531334
31518,75.06811989100818,72.0708446866485,75.61307901907357,75.20435967302453,75.61307901907357,360.3542234332425,0.720708446866485
31519,91.28065395095368,93.46049046321527,91.14441416893733,90.73569482288828,91.14441416893733,467.3024523160763,0.9346049046321526
31520,60.8991825613079,54.49591280653951,58.71934604904632,62.94277929155314,58.71934604904632,272.47956403269757,0.5449591280653951
31522,48.63760217983651,55.0408719346049,47.41144414168937,51.08991825613079,47.54768392370572,275.2043596730245,0.550408719346049
31523,34.60490463215259,37.73841961852861,32.9700272479564,35.28610354223433,32.9700272479564,188.69209809264305,0.3773841961852861
31524,4.9046321525885554,6.948228882833788,4.9046321525885554,4.359673024523161,4.9046321525885554,34.741144414168936,0.06948228882833787
31525,47.002724795640326,43.46049046321526,44.9591280653951,48.50136239782017,44.9591280653951,217.30245231607628,0.43460490463215257
31527,10.899182561307901,12.670299727520437,10.217983651226158,10.626702997275205,10.217983651226158,63.351498637602184,0.12670299727520437
31532,48.36512261580381,51.771117166212534,48.77384196185286,50.13623978201635,48.91008174386921,258.8555858310627,0.5177111716621253
31533,96.86648501362397,96.45776566757493,96.45776566757493,96.04904632152588,96.32152588555859,482.28882833787463,0.9645776566757492
31535,74.52316076294278,70.29972752043597,72.6158038147139,70.84468664850137,72.0708446866485,351.4986376021798,0.7029972752043596
31537,66.07629427792915,69.07356948228883,66.7574931880109,66.89373297002724,66.62125340599455,345.36784741144413,0.6907356948228883
31539,92.50681198910081,93.05177111716621,92.77929155313352,92.64305177111717,92.77929155313352,465.25885558583104,0.9305177111716622
31542,48.36512261580381,51.771117166212534,48.77384196185286,50.13623978201635,48.91008174386921,258.8555858310627,0.5177111716621253
31543,89.50953678474114,90.73569482288828,89.64577656675749,89.50953678474114,89.64577656675749,453.67847411444137,0.9073569482288828
31544,61.98910081743869,57.62942779291553,61.171662125340596,61.98910081743869,61.171662125340596,288.14713896457766,0.5762942779291553
31545,97.00272479564033,97.27520435967303,97.41144414168937,97.13896457765668,97.41144414168937,486.3760217983651,0.9727520435967303
31546,69.20980926430518,67.84741144414168,69.07356948228883,68.93732970027249,69.07356948228883,339.23705722070844,0.6784741144414169
31547,27.247956403269754,29.70027247956403,24.795640326975477,24.795640326975477,24.795640326975477,148.50136239782015,0.29700272479564027
31548,61.444141689373296,53.54223433242507,61.85286103542234,62.39782016348774,61.444141689373296,267.71117166212537,0.5354223433242508
31549,59.12806539509537,57.76566757493188,56.67574931880109,58.71934604904632,57.084468664850135,288.8283378746594,0.5776566757493188
31550,47.41144414168937,42.09809264305177,46.321525885558586,47.275204359673026,46.73024523160763,210.49046321525884,0.4209809264305177
31551,76.70299727520435,78.33787465940054,76.70299727520435,76.15803814713897,76.70299727520435,391.6893732970027,0.7833787465940054
31552,90.87193460490464,89.9182561307902,90.05449591280654,90.32697547683924,90.19073569482289,449.591280653951,0.899182561307902
31553,82.6975476839237,85.28610354223433,83.10626702997276,83.2425068119891,83.10626702997276,426.43051771117166,0.8528610354223434
31554,92.91553133514986,93.8692098092643,92.23433242506812,90.87193460490464,91.82561307901908,469.3460490463215,0.9386920980926431
31555,98.91008174386921,98.77384196185287,98.91008174386921,98.91008174386921,98.91008174386921,493.86920980926436,0.9877384196185287
31556,39.509536784741144,44.141689373297005,38.69209809264305,39.509536784741144,38.828337874659404,220.70844686648502,0.44141689373297005
31557,90.59945504087193,92.50681198910081,91.28065395095368,91.41689373297002,91.55313351498637,462.53405994550405,0.9250681198910081
31558,66.4850136239782,61.03542234332425,66.2125340599455,67.3024523160763,66.07629427792915,305.17711171662125,0.6103542234332425
31560,69.48228882833787,71.93460490463215,70.70844686648502,69.61852861035422,70.84468664850137,359.67302452316073,0.7193460490463215
31561,12.26158038147139,13.896457765667575,10.490463215258856,11.716621253405995,10.490463215258856,69.48228882833787,0.13896457765667575
31562,26.294277929155314,35.28610354223433,27.111716621253407,25.749318801089917,27.111716621253407,176.43051771117166,0.3528610354223433
31563,84.74114441416894,81.19891008174388,83.65122615803814,84.19618528610354,83.7874659400545,405.99455040871936,0.8119891008174387
31565,25.61307901907357,32.833787465940055,25.749318801089917,24.38692098092643,25.749318801089917,164.16893732970027,0.32833787465940056
31566,52.58855585831063,55.44959128065395,50.68119891008175,52.17983651226158,50.68119891008175,277.24795640326977,0.5544959128065395
31567,26.294277929155314,35.28610354223433,27.111716621253407,25.749318801089917,27.111716621253407,176.43051771117166,0.3528610354223433
31568,25.61307901907357,32.833787465940055,25.749318801089917,24.38692098092643,25.749318801089917,164.16893732970027,0.32833787465940056
31569,46.049046321525886,49.7275204359673,46.59400544959128,45.91280653950954,46.59400544959128,248.6376021798365,0.49727520435967304
31601,67.57493188010899,56.26702997275204,66.07629427792915,66.34877384196186,66.2125340599455,281.3351498637602,0.5626702997275204
31602,98.09264305177112,96.59400544959128,98.09264305177112,98.09264305177112,98.09264305177112,482.9700272479564,0.9659400544959128
31605,68.66485013623978,62.80653950953678,68.39237057220708,67.02997275204359,67.84741144414168,314.03269754768394,0.6280653950953679
31606,31.743869209809265,29.291553133514988,31.47138964577657,29.155313351498638,31.33514986376022,146.45776566757493,0.29291553133514986
31620,92.77929155313352,94.27792915531334,93.05177111716621,93.05177111716621,93.05177111716621,471.38964577656674,0.9427792915531334
31622,94.141689373297,95.09536784741144,94.141689373297,93.8692098092643,94.141689373297,475.4768392370572,0.9509536784741145
31623,54.49591280653951,60.08174386920981,54.904632152588555,54.08719346049046,54.76839237057221,300.40871934604905,0.6008174386920981
31624,90.05449591280654,89.64577656675749,90.19073569482289,89.64577656675749,89.9182561307902,448.22888283378745,0.896457765667575
31625,48.36512261580381,51.771117166212534,48.77384196185286,50.13623978201635,48.91008174386921,258.8555858310627,0.5177111716621253
31626,76.15803814713897,75.34059945504087,76.97547683923706,77.65667574931881,77.24795640326975,376.7029972752044,0.7534059945504088
31627,22.888283378746593,26.430517711171664,23.29700272479564,23.705722070844686,23.43324250681199,132.15258855585833,0.26430517711171664
31629,56.81198910081744,55.99455040871935,58.038147138964575,58.85558583106267,58.038147138964575,279.97275204359676,0.5599455040871936
31630,77.65667574931881,80.10899182561307,78.06539509536785,78.06539509536785,78.06539509536785,400.5449591280654,0.8010899182561307
31631,68.93732970027249,69.89100817438693,69.34604904632153,69.48228882833787,69.20980926430518,349.4550408719346,0.6989100817438693
31632,62.94277929155314,63.48773841961853,63.76021798365122,63.35149863760218,63.079019073569484,317.43869209809264,0.6348773841961853
31634,77.3841961852861,79.29155313351498,77.9291553133515,77.3841961852861,77.9291553133515,396.4577656675749,0.7929155313351498
31635,95.09536784741144,95.50408719346049,94.27792915531334,94.27792915531334,94.4141689373297,477.52043596730243,0.9550408719346049
31636,44.55040871934605,40.32697547683924,42.915531335149865,41.00817438692098,42.915531335149865,201.6348773841962,0.4032697547683924
31637,89.23705722070845,91.82561307901908,89.3732970027248,89.3732970027248,89.3732970027248,459.1280653950954,0.9182561307901909
31638,66.34877384196186,67.71117166212534,67.02997275204359,68.11989100817439,67.02997275204359,338.5558583106267,0.6771117166212535
31639,97.54768392370572,96.73024523160763,97.54768392370572,97.68392370572207,97.54768392370572,483.6512261580381,0.9673024523160763
31641,62.80653950953678,57.22070844686648,61.444141689373296,61.58038147138964,61.58038147138964,286.1035422343324,0.5722070844686648
31642,96.73024523160763,97.68392370572207,97.00272479564033,96.86648501362397,97.00272479564033,488.41961852861033,0.9768392370572206
31643,91.68937329700273,91.28065395095368,92.50681198910081,92.77929155313352,92.50681198910081,456.4032697547684,0.9128065395095368
31645,71.38964577656675,69.48228882833787,71.11716621253406,70.16348773841962,70.57220708446866,347.41144414168934,0.6948228882833787
31647,86.64850136239782,88.41961852861036,86.51226158038148,86.51226158038148,86.64850136239782,442.0980926430518,0.8841961852861037
31648,0.1362397820163488,0.5449591280653951,0.4087193460490463,0.2724795640326976,0.4087193460490463,2.7247956403269757,0.005449591280653952
31649,33.10626702997275,37.05722070844686,29.83651226158038,32.01634877384196,29.83651226158038,185.28610354223432,0.37057220708446864
31650,85.28610354223433,85.96730245231608,85.69482288828338,84.60490463215258,85.83106267029973,429.83651226158037,0.8596730245231607
31698,3.8147138964577656,2.5885558583106265,3.8147138964577656,4.087193460490464,3.8147138964577656,12.942779291553133,0.025885558583106268
31699,8.85558583106267,10.762942779291553,8.719346049046322,6.948228882833788,8.719346049046322,53.81471389645776,0.10762942779291552
31701,94.55040871934605,91.55313351498637,94.95912806539509,95.91280653950953,95.09536784741144,457.76566757493185,0.9155313351498637
31705,94.82288828337875,92.64305177111717,94.82288828337875,95.50408719346049,94.82288828337875,463.21525885558583,0.9264305177111717
31707,93.3242506811989,91.00817438692098,93.18801089918256,94.141689373297,93.18801089918256,455.0408719346049,0.9100817438692098
31709,92.09809264305177,87.87465940054496,90.32697547683924,91.00817438692098,90.46321525885558,439.37329700272477,0.8787465940054495
31711,49.04632152588556,49.45504087193461,42.77929155313352,46.45776566757493,42.77929155313352,247.27520435967304,0.4945504087193461
31712,65.39509536784742,63.76021798365122,63.35149863760218,64.03269754768392,62.94277929155314,318.80108991825614,0.6376021798365122
31714,88.8283378746594,87.19346049046321,88.28337874659401,88.69209809264305,88.28337874659401,435.96730245231606,0.8719346049046321
31716,18.93732970027248,27.247956403269754,19.618528610354222,18.80108991825613,19.618528610354222,136.23978201634878,0.2724795640326976
31719,82.83378746594005,76.70299727520435,82.01634877384195,82.97002724795641,81.88010899182561,383.51498637602174,0.7670299727520435
31720,63.76021798365122,64.16893732970027,64.98637602179836,65.39509536784742,65.12261580381471,320.84468664850135,0.6416893732970027
31721,80.79019073569482,79.97275204359673,80.92643051771117,80.79019073569482,80.79019073569482,399.86376021798367,0.7997275204359674
31722,16.348773841961854,20.980926430517712,15.53133514986376,16.076294277929154,15.53133514986376,104.90463215258856,0.20980926430517713
31730,75.34059945504087,76.97547683923706,74.93188010899182,73.97820163487738,74.93188010899182,384.8773841961853,0.7697547683923706
31733,80.65395095367847,81.88010899182561,80.10899182561307,80.24523160762942,80.38147138964578,409.40054495912807,0.8188010899182562
31735,5.040871934604905,5.177111716621253,5.040871934604905,5.313351498637602,5.040871934604905,25.885558583106267,0.051771117166212535
31738,78.7465940054496,79.70027247956403,79.42779291553134,79.56403269754769,79.56403269754769,398.5013623978202,0.7970027247956404
31743,14.44141689373297,20.16348773841962,14.577656675749319,15.122615803814714,14.577656675749319,100.8174386920981,0.2016348773841962
31744,62.39782016348774,66.07629427792915,62.80653950953678,64.16893732970027,62.80653950953678,330.38147138964575,0.6607629427792915
31747,16.348773841961854,20.980926430517712,15.53133514986376,16.076294277929154,15.53133514986376,104.90463215258856,0.20980926430517713
31749,79.29155313351498,77.52043596730245,79.29155313351498,79.70027247956403,79.15531335149863,387.6021798365122,0.7752043596730245
31750,99.7275204359673,99.7275204359673,99.7275204359673,99.7275204359673,99.7275204359673,498.63760217983656,0.9972752043596731
31756,51.49863760217983,54.223433242506815,51.771117166212534,52.997275204359674,51.63487738419619,271.1171662125341,0.5422343324250681
31757,93.46049046321527,93.73297002724796,93.46049046321527,93.59673024523161,93.59673024523161,468.6648501362398,0.9373297002724796
31763,42.09809264305177,46.45776566757493,42.09809264305177,42.50681198910082,42.09809264305177,232.28882833787466,0.46457765667574935
31764,59.40054495912806,61.716621253406,58.17438692098093,60.35422343324251,58.17438692098093,308.58310626702996,0.6171662125340599
31765,53.81471389645777,59.12806539509537,53.40599455040872,53.26975476839237,53.40599455040872,295.64032697547685,0.5912806539509537
31768,98.77384196185287,98.50136239782016,98.77384196185287,98.6376021798365,98.77384196185287,492.5068119891008,0.9850136239782017
31771,94.27792915531334,92.77929155313352,93.73297002724796,93.3242506811989,93.8692098092643,463.8964577656676,0.9277929155313352
31772,33.10626702997275,37.05722070844686,29.83651226158038,32.01634877384196,29.83651226158038,185.28610354223432,0.37057220708446864
31773,88.5558583106267,88.5558583106267,88.0108991825613,88.5558583106267,88.14713896457765,442.77929155313353,0.8855585831062671
31774,67.3024523160763,65.12261580381471,65.80381471389646,66.2125340599455,65.80381471389646,325.61307901907355,0.6512261580381471
31775,71.2534059945504,69.61852861035422,71.38964577656675,70.98092643051771,71.38964577656675,348.0926430517711,0.6961852861035422
31778,74.25068119891009,73.97820163487738,74.79564032697547,74.79564032697547,74.79564032697547,369.8910081743869,0.7397820163487738
31779,55.858310626702995,54.08719346049046,53.13351498637602,55.0408719346049,53.26975476839237,270.4359673024523,0.5408719346049046
31780,73.29700272479565,70.02724795640327,72.88828337874659,72.88828337874659,73.02452316076294,350.13623978201633,0.7002724795640327
31781,84.74114441416894,81.19891008174388,83.65122615803814,84.19618528610354,83.7874659400545,405.99455040871936,0.8119891008174387
31783,81.60762942779292,82.15258855585832,81.06267029972751,81.19891008174388,81.06267029972751,410.76294277929156,0.8215258855585832
31784,5.449591280653951,7.901907356948229,5.313351498637602,5.449591280653951,5.313351498637602,39.509536784741144,0.07901907356948229
31787,61.58038147138964,54.35967302452316,61.30790190735695,63.21525885558583,61.30790190735695,271.7983651226158,0.5435967302452316
31788,67.02997275204359,66.89373297002724,66.34877384196186,67.16621253405995,66.34877384196186,334.46866485013624,0.6689373297002725
31789,20.29972752043597,17.983651226158038,19.346049046321525,20.980926430517712,19.346049046321525,89.91825613079018,0.17983651226158037
31790,37.73841961852861,36.51226158038147,37.05722070844686,36.920980926430516,37.19346049046322,182.56130790190736,0.3651226158038147
31791,88.14713896457765,85.01362397820164,87.73841961852861,88.28337874659401,87.87465940054496,425.06811989100817,0.8501362397820164
31792,83.2425068119891,81.47138964577657,83.7874659400545,83.37874659400545,83.92370572207085,407.35694822888286,0.8147138964577657
31793,92.23433242506812,92.37057220708446,92.09809264305177,91.68937329700273,92.23433242506812,461.85286103542234,0.9237057220708447
31794,98.6376021798365,98.36512261580381,98.6376021798365,98.77384196185287,98.6376021798365,491.82561307901904,0.9836512261580381
31795,61.716621253406,60.217983651226156,61.98910081743869,63.48773841961853,61.98910081743869,301.0899182561308,0.6021798365122616
31796,33.10626702997275,37.05722070844686,29.83651226158038,32.01634877384196,29.83651226158038,185.28610354223432,0.37057220708446864
31798,85.42234332425068,86.10354223433242,85.55858310626704,84.46866485013624,85.55858310626704,430.5177111716621,0.8610354223433242
31801,54.904632152588555,58.85558583106267,55.72207084468665,57.90190735694823,55.72207084468665,294.27792915531336,0.5885558583106267
31803,72.47956403269755,73.29700272479565,72.47956403269755,72.34332425068119,72.6158038147139,366.48501362397826,0.7329700272479566
31804,12.534059945504087,15.53133514986376,12.670299727520437,11.852861035422343,12.670299727520437,77.65667574931881,0.15531335149863762
31805,35.28610354223433,35.694822888283376,35.55858310626703,36.64850136239782,35.28610354223433,178.47411444141687,0.35694822888283373
31806,76.566757493188,77.79291553133515,76.43051771117166,76.97547683923706,76.43051771117166,388.9645776566758,0.7779291553133516
31807,6.4032697547683926,9.128065395095367,6.539509536784741,5.858310626702997,6.539509536784741,45.64032697547684,0.09128065395095368
31808,50.817438692098094,45.36784741144414,51.22615803814714,51.771117166212534,51.08991825613079,226.83923705722069,0.4536784741144414
31810,48.36512261580381,51.771117166212534,48.77384196185286,50.13623978201635,48.91008174386921,258.8555858310627,0.5177111716621253
31811,15.39509536784741,21.525885558583106,15.803814713896458,14.713896457765667,15.803814713896458,107.62942779291552,0.21525885558583105
31812,91.96185286103542,91.68937329700273,90.87193460490464,91.82561307901908,90.87193460490464,458.44686648501363,0.9168937329700273
31814,20.29972752043597,17.983651226158038,19.346049046321525,20.980926430517712,19.346049046321525,89.91825613079018,0.17983651226158037
31815,56.53950953678474,52.45231607629428,54.08719346049046,57.084468664850135,54.223433242506815,262.2615803814714,0.5245231607629428
31816,70.29972752043597,71.11716621253406,69.48228882833787,69.34604904632153,69.48228882833787,355.5858310626703,0.7111716621253407
31820,32.15258855585831,33.65122615803815,34.059945504087196,37.32970027247956,33.787465940054496,168.25613079019075,0.3365122615803815
31821,20.29972752043597,17.983651226158038,19.346049046321525,20.980926430517712,19.346049046321525,89.91825613079018,0.17983651226158037
31822,28.61035422343324,33.10626702997275,28.474114441416894,28.88283378746594,28.474114441416894,165.53133514986374,0.33106267029972747
31823,1.0899182561307903,2.4523160762942777,1.771117166212534,1.771117166212534,1.771117166212534,12.261580381471388,0.024523160762942777
31824,69.89100817438693,71.7983651226158,70.16348773841962,70.57220708446866,70.16348773841962,358.991825613079,0.717983651226158
31825,82.42506811989101,84.60490463215258,81.33514986376022,81.74386920980926,81.74386920980926,423.0245231607629,0.8460490463215258
31826,47.13896457765667,52.17983651226158,46.73024523160763,46.18528610354223,47.13896457765667,260.8991825613079,0.5217983651226158
31827,73.97820163487738,75.06811989100818,74.38692098092643,74.25068119891009,74.38692098092643,375.3405994550409,0.7506811989100818
31829,8.991825613079019,11.716621253405995,9.673024523160763,9.809264305177111,9.536784741144414,58.583106267029976,0.11716621253405995
31830,45.50408719346049,46.049046321525886,43.32425068119891,44.55040871934605,44.00544959128065,230.24523160762942,0.4604904632152588
31831,73.433242506812,75.47683923705722,73.70572207084469,73.02452316076294,73.84196185286103,377.3841961852861,0.7547683923705722
31832,41.416893732970024,45.095367847411445,41.961852861035425,41.961852861035425,41.961852861035425,225.47683923705722,0.45095367847411444
31833,24.250681198910083,30.79019073569482,26.294277929155314,25.204359673024523,26.430517711171664,153.9509536784741,0.30790190735694817
31836,39.509536784741144,44.141689373297005,38.69209809264305,39.509536784741144,38.828337874659404,220.70844686648502,0.44141689373297005
31901,42.23433242506812,31.743869209809265,42.23433242506812,48.63760217983651,42.23433242506812,158.71934604904632,0.31743869209809267
31903,41.14441416893733,28.474114441416894,40.05449591280654,40.59945504087194,39.509536784741144,142.37057220708448,0.284741144414169
31904,93.73297002724796,89.78201634877384,93.59673024523161,94.95912806539509,93.46049046321527,448.91008174386917,0.8978201634877384
31905,21.662125340599456,23.29700272479564,17.71117166212534,14.850136239782016,16.62125340599455,116.4850136239782,0.2329700272479564
31906,49.7275204359673,34.60490463215259,49.7275204359673,54.49591280653951,49.7275204359673,173.02452316076295,0.3460490463215259
31907,64.85013623978202,49.86376021798365,64.57765667574932,64.85013623978202,64.44141689373296,249.31880108991828,0.49863760217983655
31909,83.92370572207085,81.74386920980926,84.74114441416894,85.42234332425068,84.0599455040872,408.7193460490463,0.8174386920980926
39813,84.87738419618529,84.87738419618529,84.19618528610354,84.33242506811989,84.33242506811989,424.38692098092645,0.8487738419618529
39815,63.35149863760218,66.34877384196186,63.21525885558583,62.26158038147139,63.35149863760218,331.7438692098093,0.6634877384196186
39817,94.141689373297,95.09536784741144,94.141689373297,93.8692098092643,94.141689373297,475.4768392370572,0.9509536784741145
39819,93.59673024523161,94.00544959128065,93.8692098092643,93.18801089918256,93.73297002724796,470.02724795640324,0.9400544959128065
39823,62.26158038147139,61.171662125340596,61.58038147138964,62.67029972752044,61.85286103542234,305.858310626703,0.611716621253406
39824,53.950953678474114,57.49318801089918,54.223433242506815,56.26702997275204,54.904632152588555,287.4659400544959,0.5749318801089918
39825,45.776566757493185,48.77384196185286,46.18528610354223,47.956403269754766,45.50408719346049,243.8692098092643,0.4877384196185286
39826,1.0899182561307903,2.4523160762942777,1.771117166212534,1.771117166212534,1.771117166212534,12.261580381471388,0.024523160762942777
39827,85.83106267029973,81.60762942779292,84.33242506811989,84.87738419618529,84.46866485013624,408.0381471389646,0.8160762942779292
39828,85.01362397820164,79.56403269754769,85.01362397820164,85.14986376021798,85.01362397820164,397.82016348773845,0.7956403269754769
39834,63.35149863760218,66.34877384196186,63.21525885558583,62.26158038147139,63.35149863760218,331.7438692098093,0.6634877384196186
39836,52.043596730245234,52.997275204359674,51.49863760217983,53.40599455040872,51.90735694822888,264.9863760217984,0.5299727520435967
39837,98.50136239782016,97.95640326975477,98.22888283378747,98.50136239782016,98.22888283378747,489.7820163487739,0.9795640326975478
39840,6.267029972752043,6.4032697547683926,5.858310626702997,6.267029972752043,5.858310626702997,32.01634877384196,0.06403269754768393
39841,70.98092643051771,71.2534059945504,70.29972752043597,70.70844686648502,70.29972752043597,356.267029972752,0.7125340599455041
39842,54.76839237057221,55.858310626702995,52.724795640326974,53.13351498637602,52.724795640326974,279.291553133515,0.55858310626703
39845,35.14986376021798,33.2425068119891,35.28610354223433,38.14713896457766,35.42234332425068,166.2125340599455,0.33242506811989103
39846,84.0599455040872,84.0599455040872,83.2425068119891,83.65122615803814,83.2425068119891,420.29972752043597,0.840599455040872
39851,48.36512261580381,51.771117166212534,48.77384196185286,50.13623978201635,48.91008174386921,258.8555858310627,0.5177111716621253
39854,76.02179836512262,77.3841961852861,76.02179836512262,76.70299727520435,76.15803814713897,386.9209809264305,0.773841961852861
39859,29.155313351498638,28.065395095367847,28.201634877384198,30.79019073569482,28.201634877384198,140.32697547683924,0.28065395095367845
39861,4.223433242506812,4.4959128065395095,4.359673024523161,4.768392370572207,4.359673024523161,22.479564032697546,0.04495912806539509
39862,68.39237057220708,68.52861035422343,67.16621253405995,67.84741144414168,67.3024523160763,342.64305177111714,0.6852861035422343
39866,33.10626702997275,37.05722070844686,29.83651226158038,32.01634877384196,29.83651226158038,185.28610354223432,0.37057220708446864
39867,78.61035422343325,79.42779291553134,78.61035422343325,79.29155313351498,78.88283378746594,397.1389645776567,0.7942779291553134
39870,69.89100817438693,71.7983651226158,70.16348773841962,70.57220708446866,70.16348773841962,358.991825613079,0.717983651226158
39877,44.27792915531335,47.956403269754766,45.23160762942779,45.23160762942779,45.36784741144414,239.78201634877382,0.47956403269754766
39885,0.0,0.4087193460490463,0.2724795640326976,0.1362397820163488,0.2724795640326976,2.0435967302452314,0.004087193460490463
39886,40.05449591280654,42.643051771117165,36.78474114441417,38.555858310626704,36.78474114441417,213.21525885558583,0.4264305177111717
39897,87.87465940054496,88.69209809264305,87.87465940054496,87.32970027247957,87.73841961852861,443.46049046321525,0.8869209809264306
