ZIPCODE,B02001e1,B02001e2,C16001e1,C16001e3,C16001e5,B17001e1,B17001e2,B22003e1,B22003e2,B24011e1,B24011e19,B992521e1,B992521e2
30002,5193.0,2634.0,4683.0,180.0,32.0,5193.0,1240.0,2384.0,493.0,79532.0,0.0,1057.0,6.0
30004,59026.0,44161.0,55033.0,4775.0,1836.0,59026.0,3618.0,20102.0,599.0,342588.0,105592.0,15121.0,331.0
30005,47108.0,28564.0,44132.0,3153.0,1034.0,47051.0,2559.0,14646.0,623.0,389011.0,95909.0,10029.0,246.0
30008,33698.0,11951.0,31098.0,9896.0,4536.0,30537.0,8192.0,10447.0,2088.0,111490.0,41717.0,5417.0,47.0
30009,18661.0,12455.0,17380.0,2263.0,1276.0,18545.0,1649.0,7565.0,307.0,130362.0,22875.0,3425.0,20.0
30011,10537.0,8491.0,9629.0,612.0,177.0,10528.0,1964.0,3329.0,477.0,128087.0,14500.0,2496.0,86.0
30012,32363.0,15340.0,29920.0,4012.0,2904.0,31541.0,7896.0,11024.0,1916.0,175220.0,46203.0,6153.0,130.0
30013,19055.0,5162.0,17895.0,1394.0,875.0,19049.0,3175.0,6652.0,933.0,105377.0,57351.0,4304.0,133.0
30014,33189.0,20265.0,30850.0,919.0,322.0,33008.0,7416.0,11691.0,2939.0,163924.0,104203.0,7011.0,308.0
30016,56445.0,25040.0,52655.0,2426.0,1240.0,56171.0,8023.0,18555.0,3647.0,193759.0,113184.0,13044.0,267.0
30017,26657.0,15031.0,25294.0,1358.0,236.0,26626.0,2579.0,8849.0,650.0,86269.0,33545.0,7156.0,283.0
30019,53725.0,37318.0,50551.0,5622.0,1941.0,53666.0,3163.0,14943.0,857.0,117061.0,73160.0,12902.0,271.0
30021,20007.0,2243.0,18280.0,363.0,50.0,19992.0,8646.0,6038.0,2464.0,86033.0,55917.0,1012.0,13.0
30022,57275.0,38962.0,54020.0,3376.0,864.0,57185.0,2421.0,19944.0,606.0,518445.0,0.0,14470.0,316.0
30024,78129.0,51858.0,73133.0,5193.0,1369.0,77851.0,4913.0,23850.0,710.0,646681.0,51156.0,20001.0,418.0
30025,12278.0,9829.0,11650.0,317.0,87.0,12173.0,1013.0,4321.0,332.0,83709.0,56693.0,3503.0,79.0
30028,27905.0,25911.0,25951.0,2445.0,1073.0,27694.0,2638.0,8942.0,542.0,234354.0,64625.0,7565.0,277.0
30030,26322.0,17452.0,23903.0,686.0,219.0,25472.0,3759.0,10533.0,1137.0,340324.0,0.0,6299.0,35.0
30032,48486.0,6080.0,45128.0,1673.0,397.0,45704.0,13609.0,17259.0,5153.0,314926.0,191396.0,8308.0,292.0
30033,27217.0,19123.0,25694.0,1970.0,761.0,27080.0,5331.0,11472.0,1006.0,222910.0,0.0,6078.0,97.0
30034,38901.0,964.0,36346.0,449.0,106.0,38710.0,7146.0,13669.0,3103.0,221313.0,79300.0,8845.0,278.0
30035,18450.0,622.0,17269.0,479.0,166.0,18360.0,3739.0,6318.0,1371.0,111190.0,47466.0,3418.0,90.0
30037,3848.0,49.0,3532.0,40.0,18.0,3848.0,875.0,1351.0,408.0,22135.0,21442.0,395.0,0.0
30038,45140.0,1831.0,41294.0,725.0,184.0,44428.0,7218.0,15872.0,2921.0,168599.0,146365.0,8556.0,155.0
30039,47651.0,16621.0,44318.0,4016.0,1539.0,47582.0,7428.0,15065.0,2354.0,192793.0,155898.0,11706.0,504.0
30040,61369.0,53070.0,57224.0,5071.0,2378.0,60836.0,4219.0,19989.0,1001.0,613451.0,91619.0,16536.0,334.0
30041,55742.0,47018.0,52679.0,2909.0,1015.0,55671.0,2596.0,18972.0,704.0,714060.0,40074.0,15968.0,349.0
30043,82449.0,45583.0,77814.0,11939.0,5303.0,80154.0,6812.0,25856.0,2051.0,402430.0,341055.0,18027.0,541.0
30044,93064.0,38164.0,86725.0,22810.0,9244.0,92629.0,12989.0,29324.0,4416.0,410556.0,148247.0,18505.0,514.0
30045,35599.0,15163.0,33147.0,6403.0,2301.0,35562.0,5029.0,10388.0,1248.0,111659.0,7041.0,8469.0,180.0
30046,20981.0,9412.0,19434.0,5219.0,2302.0,20720.0,5166.0,7101.0,1355.0,106709.0,78716.0,3516.0,177.0
30047,43935.0,26481.0,41580.0,4102.0,1849.0,43519.0,4108.0,14123.0,1096.0,292653.0,56181.0,11375.0,407.0
30048,3449.0,1708.0,3153.0,1282.0,486.0,3449.0,567.0,1193.0,202.0,27935.0,0.0,667.0,15.0
30052,63097.0,45934.0,59070.0,3556.0,1314.0,62849.0,5804.0,20004.0,1919.0,338715.0,113433.0,15860.0,579.0
30054,14295.0,9694.0,13464.0,316.0,86.0,13074.0,1950.0,4774.0,747.0,57582.0,56854.0,3582.0,104.0
30055,2719.0,2505.0,2596.0,0.0,0.0,2712.0,402.0,1012.0,268.0,26732.0,21406.0,771.0,21.0
30056,2220.0,1688.0,2136.0,92.0,70.0,2205.0,672.0,856.0,226.0,29773.0,0.0,660.0,1.0
30058,56483.0,2021.0,52904.0,1311.0,296.0,56116.0,9331.0,20444.0,4183.0,269347.0,200301.0,12355.0,275.0
30060,37702.0,17327.0,35150.0,10323.0,5727.0,35474.0,9370.0,12976.0,2612.0,181999.0,52644.0,6132.0,121.0
30062,59701.0,44444.0,56302.0,4752.0,1677.0,59611.0,3750.0,21604.0,967.0,558985.0,71389.0,16594.0,401.0
30064,55895.0,36106.0,52293.0,5342.0,2572.0,55486.0,4519.0,20495.0,1597.0,354560.0,72632.0,15672.0,384.0
30066,55061.0,43364.0,52031.0,3857.0,1320.0,55032.0,3144.0,19519.0,970.0,447736.0,117716.0,16247.0,320.0
30067,51723.0,29887.0,48315.0,6467.0,2979.0,51525.0,8722.0,21662.0,2625.0,416298.0,53572.0,9256.0,272.0
30068,33167.0,27816.0,31423.0,1578.0,459.0,33111.0,2014.0,12411.0,331.0,439691.0,86719.0,10287.0,149.0
30071,23791.0,11332.0,21661.0,8817.0,4136.0,23791.0,6060.0,7254.0,1638.0,131589.0,31454.0,3525.0,87.0
30075,48162.0,40000.0,45554.0,3190.0,1723.0,47764.0,3216.0,17514.0,575.0,563173.0,23672.0,13729.0,453.0
30076,46574.0,34625.0,42332.0,7289.0,4078.0,46419.0,5399.0,17092.0,1397.0,317769.0,30688.0,10399.0,336.0
30078,35795.0,20771.0,33739.0,3594.0,1111.0,35380.0,4187.0,11398.0,1313.0,185223.0,72291.0,8831.0,240.0
30079,3484.0,631.0,2981.0,138.0,72.0,3484.0,1110.0,1321.0,379.0,29215.0,0.0,594.0,38.0
30080,41425.0,22071.0,38250.0,6136.0,2696.0,41318.0,5968.0,19022.0,1607.0,356098.0,55457.0,8450.0,172.0
30082,30381.0,14728.0,28615.0,3315.0,1125.0,30095.0,3710.0,12532.0,1199.0,224994.0,0.0,7226.0,325.0
30083,58799.0,7605.0,54123.0,1146.0,443.0,58572.0,16708.0,20520.0,5639.0,281805.0,231125.0,9736.0,340.0
30084,38829.0,22233.0,36360.0,4705.0,2194.0,38498.0,4414.0,14986.0,1327.0,277176.0,63659.0,10116.0,276.0
30087,39671.0,10464.0,37708.0,2275.0,912.0,39448.0,5067.0,14138.0,1713.0,306687.0,65194.0,10872.0,323.0
30088,27164.0,1710.0,25322.0,672.0,234.0,27062.0,4627.0,8873.0,2022.0,152844.0,134715.0,5185.0,121.0
30092,40268.0,24774.0,37840.0,4180.0,1504.0,40198.0,3534.0,15276.0,1245.0,395654.0,31333.0,9046.0,182.0
30093,68316.0,25064.0,61199.0,27811.0,17345.0,68208.0,18569.0,21793.0,4146.0,216652.0,110454.0,8035.0,307.0
30094,36151.0,17720.0,34468.0,1688.0,809.0,36004.0,3792.0,12264.0,834.0,226420.0,0.0,9852.0,265.0
30096,62151.0,22506.0,57505.0,12860.0,6604.0,62103.0,10931.0,22924.0,3273.0,345934.0,110474.0,8165.0,231.0
30097,54010.0,26422.0,50758.0,2307.0,1013.0,53933.0,3108.0,18007.0,408.0,346797.0,63851.0,13962.0,194.0
30101,60119.0,44852.0,56297.0,4074.0,1484.0,60049.0,4531.0,20566.0,1210.0,360466.0,88663.0,16393.0,381.0
30102,43638.0,34852.0,40894.0,4077.0,1809.0,43405.0,5423.0,15618.0,1723.0,233787.0,59356.0,10798.0,278.0
30103,11342.0,9921.0,10458.0,244.0,48.0,11342.0,1535.0,4033.0,712.0,26475.0,15813.0,2311.0,13.0
30104,5566.0,4587.0,5174.0,160.0,13.0,5557.0,708.0,2069.0,333.0,30830.0,40179.0,1574.0,18.0
30105,3872.0,3682.0,3661.0,55.0,23.0,3872.0,316.0,1433.0,113.0,37403.0,0.0,1197.0,17.0
30106,18631.0,7005.0,17391.0,1383.0,551.0,18205.0,3304.0,7295.0,1226.0,101780.0,48108.0,3856.0,99.0
30107,15553.0,14754.0,14615.0,375.0,188.0,15517.0,1248.0,5377.0,218.0,74413.0,60792.0,4556.0,237.0
30108,8941.0,7653.0,8453.0,77.0,23.0,8924.0,1668.0,3501.0,644.0,62836.0,0.0,2427.0,68.0
30110,18820.0,16752.0,17713.0,162.0,7.0,18470.0,3953.0,7184.0,1527.0,91480.0,39246.0,4791.0,49.0
30113,3689.0,3636.0,3343.0,0.0,0.0,3577.0,794.0,1400.0,279.0,32384.0,25476.0,1018.0,0.0
30114,50154.0,42806.0,47212.0,4879.0,3004.0,49399.0,6235.0,17344.0,1620.0,146114.0,92539.0,11770.0,535.0
30115,47286.0,42629.0,44160.0,3194.0,1290.0,47152.0,5254.0,15860.0,1007.0,226654.0,67871.0,13543.0,179.0
30116,28250.0,21490.0,26266.0,1581.0,674.0,27373.0,4543.0,9848.0,2261.0,127186.0,54986.0,6260.0,168.0
30117,31540.0,20889.0,29507.0,2506.0,1372.0,28748.0,6972.0,10885.0,2091.0,129412.0,49753.0,5270.0,94.0
30120,41115.0,32712.0,38545.0,3577.0,1556.0,40744.0,7296.0,14834.0,2458.0,194355.0,92312.0,9110.0,311.0
30121,18801.0,14511.0,17305.0,1433.0,453.0,18258.0,1800.0,6678.0,843.0,67081.0,60667.0,3670.0,170.0
30122,26072.0,9972.0,24181.0,3816.0,1676.0,25954.0,5715.0,9834.0,1616.0,93662.0,46790.0,4294.0,111.0
30124,4154.0,3911.0,4017.0,9.0,0.0,4036.0,687.0,1727.0,202.0,35075.0,20368.0,1332.0,24.0
30125,24565.0,18959.0,22973.0,4575.0,2392.0,24178.0,4796.0,8629.0,1897.0,116030.0,46910.0,5649.0,189.0
30126,34727.0,16705.0,32071.0,4966.0,2363.0,34703.0,3576.0,12751.0,1536.0,202026.0,53269.0,9397.0,276.0
30127,53409.0,29224.0,49864.0,3146.0,995.0,53030.0,3876.0,17594.0,1408.0,377368.0,61768.0,14723.0,374.0
30132,30674.0,24792.0,28821.0,1303.0,329.0,29960.0,2693.0,9912.0,930.0,150119.0,25714.0,8129.0,337.0
30134,36854.0,17104.0,34189.0,2266.0,892.0,35992.0,8034.0,12399.0,3383.0,153375.0,60458.0,7749.0,148.0
30135,64293.0,33782.0,60036.0,3446.0,1391.0,63854.0,6539.0,21086.0,2334.0,356531.0,36424.0,15636.0,455.0
30137,5417.0,4671.0,5135.0,279.0,69.0,5394.0,930.0,1883.0,371.0,32181.0,47000.0,1274.0,58.0
30141,23991.0,17547.0,22545.0,1057.0,243.0,23960.0,2907.0,8266.0,1151.0,141793.0,0.0,6205.0,177.0
30143,21898.0,20899.0,20893.0,720.0,304.0,21708.0,1777.0,8434.0,966.0,130635.0,53295.0,6360.0,174.0
30144,56709.0,36387.0,52931.0,4427.0,1299.0,53515.0,5759.0,21039.0,1303.0,277789.0,129431.0,11364.0,276.0
30147,4839.0,4152.0,4574.0,144.0,55.0,4839.0,821.0,1745.0,355.0,31220.0,0.0,1126.0,22.0
30152,45178.0,33762.0,41948.0,3403.0,1391.0,44975.0,3112.0,15740.0,1064.0,232420.0,70908.0,11812.0,265.0
30153,11132.0,8125.0,10320.0,25.0,4.0,11114.0,2725.0,4170.0,1126.0,57115.0,9771.0,2762.0,40.0
30157,67509.0,52660.0,62997.0,1745.0,457.0,67149.0,8259.0,22955.0,3002.0,272259.0,115213.0,17339.0,789.0
30161,35238.0,25407.0,33234.0,1519.0,737.0,33704.0,6511.0,13354.0,2751.0,244814.0,131970.0,7431.0,198.0
30165,41656.0,30322.0,38481.0,4976.0,2585.0,39244.0,8873.0,14591.0,2411.0,186125.0,95063.0,8197.0,214.0
30168,30597.0,8448.0,27895.0,6351.0,3218.0,30516.0,7516.0,10590.0,2991.0,109094.0,76942.0,5394.0,81.0
30171,1573.0,1573.0,1553.0,51.0,5.0,1573.0,235.0,634.0,61.0,40417.0,100703.0,480.0,36.0
30173,6440.0,6294.0,6219.0,80.0,15.0,6399.0,984.0,2264.0,224.0,32428.0,0.0,1752.0,25.0
30175,8094.0,7833.0,7692.0,24.0,22.0,8056.0,1281.0,2943.0,456.0,66107.0,12188.0,2355.0,95.0
30176,6158.0,5966.0,5804.0,84.0,11.0,6158.0,974.0,2302.0,239.0,32598.0,0.0,1776.0,57.0
30178,7296.0,6657.0,7083.0,107.0,0.0,7296.0,698.0,2675.0,233.0,35009.0,0.0,2289.0,22.0
30179,11669.0,10010.0,11039.0,153.0,35.0,11580.0,2173.0,4067.0,959.0,33104.0,0.0,2983.0,77.0
30180,37534.0,26579.0,35138.0,1686.0,348.0,37368.0,6223.0,13483.0,2251.0,169856.0,44467.0,9899.0,228.0
30183,8360.0,7254.0,7701.0,70.0,13.0,7836.0,755.0,2707.0,193.0,31064.0,14500.0,2273.0,44.0
30184,10073.0,9453.0,9334.0,354.0,154.0,10047.0,902.0,3521.0,477.0,34748.0,15326.0,2836.0,77.0
30185,4188.0,4028.0,3929.0,114.0,43.0,4156.0,619.0,1440.0,273.0,31511.0,0.0,1139.0,40.0
30187,12604.0,9674.0,11957.0,359.0,156.0,12584.0,831.0,4416.0,288.0,83575.0,0.0,3921.0,48.0
30188,49820.0,42388.0,45921.0,4056.0,1874.0,49668.0,3880.0,18082.0,926.0,247472.0,0.0,13927.0,211.0
30189,33655.0,29597.0,32389.0,1665.0,736.0,33371.0,2394.0,11847.0,676.0,215122.0,27782.0,9731.0,325.0
30204,11094.0,5934.0,10567.0,92.0,20.0,9853.0,2377.0,3818.0,653.0,54024.0,2885.0,2344.0,47.0
30205,3649.0,3415.0,3610.0,54.0,24.0,3649.0,140.0,1199.0,39.0,38625.0,0.0,1050.0,49.0
30206,4107.0,3286.0,3857.0,74.0,23.0,3971.0,468.0,1323.0,268.0,31084.0,3897.0,1084.0,81.0
30213,50735.0,6382.0,46880.0,2931.0,1440.0,50530.0,6250.0,17686.0,3164.0,140653.0,76423.0,10470.0,415.0
30214,32916.0,16679.0,31264.0,2534.0,858.0,32702.0,3510.0,11943.0,861.0,243114.0,25078.0,9944.0,191.0
30215,31290.0,23539.0,30149.0,895.0,185.0,30981.0,1295.0,10739.0,501.0,298720.0,135568.0,9198.0,340.0
30217,11571.0,9899.0,10906.0,25.0,8.0,11329.0,1930.0,4364.0,1068.0,92792.0,52320.0,3093.0,104.0
30220,5353.0,4283.0,5079.0,149.0,70.0,5304.0,541.0,2013.0,146.0,31122.0,26615.0,1482.0,89.0
30222,5091.0,2427.0,4714.0,24.0,0.0,5086.0,949.0,1971.0,501.0,27476.0,22679.0,1348.0,0.0
30223,39446.0,23404.0,36474.0,1450.0,663.0,39117.0,10103.0,13693.0,3378.0,193388.0,82322.0,7924.0,237.0
30224,24560.0,16905.0,23234.0,567.0,216.0,23660.0,4695.0,9221.0,1600.0,137925.0,28676.0,6062.0,112.0
30228,55882.0,22533.0,52548.0,3533.0,1384.0,54595.0,7951.0,17934.0,2576.0,201274.0,97237.0,14293.0,317.0
30230,6002.0,4369.0,5533.0,54.0,20.0,5969.0,1410.0,2139.0,530.0,27321.0,24643.0,1368.0,20.0
30233,23479.0,16273.0,22090.0,515.0,161.0,20726.0,4255.0,7737.0,1688.0,92670.0,51265.0,5535.0,83.0
30236,38633.0,10538.0,35894.0,4587.0,2136.0,38569.0,10106.0,13137.0,3180.0,209552.0,142572.0,6512.0,225.0
30238,43193.0,7082.0,39761.0,3610.0,1263.0,41411.0,12698.0,13154.0,3900.0,220315.0,146720.0,7139.0,225.0
30240,30343.0,19746.0,28400.0,592.0,280.0,29790.0,5234.0,10988.0,1771.0,224469.0,67885.0,6816.0,176.0
30241,23959.0,11493.0,22182.0,770.0,392.0,22819.0,5843.0,8223.0,1651.0,109104.0,31990.0,3979.0,120.0
30248,18168.0,12624.0,17107.0,544.0,52.0,18147.0,2057.0,5976.0,655.0,69060.0,13631.0,4312.0,116.0
30251,7016.0,4571.0,6609.0,136.0,17.0,6980.0,1420.0,2633.0,555.0,26576.0,9697.0,1934.0,40.0
30252,38522.0,29747.0,36274.0,982.0,251.0,38423.0,2380.0,11953.0,788.0,133127.0,68124.0,10824.0,360.0
30253,59807.0,25135.0,55975.0,3381.0,633.0,58577.0,7307.0,20251.0,2564.0,268034.0,127839.0,12056.0,425.0
30256,3205.0,3038.0,2977.0,28.0,0.0,3190.0,625.0,1154.0,226.0,35183.0,32083.0,1008.0,41.0
30257,7101.0,6062.0,6636.0,149.0,44.0,7041.0,1369.0,2469.0,416.0,31737.0,25536.0,2120.0,138.0
30259,4534.0,4079.0,4342.0,24.0,2.0,4514.0,431.0,1680.0,188.0,40840.0,30469.0,1388.0,67.0
30260,20297.0,4092.0,18562.0,1567.0,672.0,19027.0,4284.0,6912.0,1627.0,72941.0,44368.0,2854.0,54.0
30263,52768.0,34466.0,48875.0,2694.0,1467.0,52063.0,10243.0,19611.0,2785.0,233131.0,140552.0,11976.0,294.0
30265,35190.0,28292.0,32949.0,1642.0,614.0,35075.0,1884.0,12910.0,743.0,240866.0,53203.0,9994.0,235.0
30268,8557.0,4680.0,7933.0,687.0,318.0,8477.0,1473.0,2661.0,425.0,31180.0,28260.0,1991.0,66.0
30269,36240.0,29697.0,34668.0,2354.0,899.0,36094.0,2682.0,13253.0,581.0,312421.0,88634.0,9695.0,315.0
30273,19889.0,3030.0,18459.0,1686.0,754.0,19834.0,2379.0,6597.0,1062.0,72509.0,0.0,5288.0,37.0
30274,26540.0,3759.0,24514.0,2794.0,1144.0,26133.0,6701.0,9158.0,2635.0,129994.0,74166.0,4020.0,49.0
30276,11820.0,10399.0,10869.0,199.0,13.0,11799.0,972.0,4215.0,371.0,85474.0,30820.0,3443.0,38.0
30277,25960.0,22459.0,24775.0,2174.0,1037.0,25952.0,2067.0,9028.0,603.0,173463.0,42458.0,7631.0,228.0
30281,64250.0,24562.0,59881.0,4501.0,1535.0,64004.0,10988.0,21900.0,3566.0,319776.0,86527.0,13711.0,393.0
30286,26394.0,18496.0,24693.0,450.0,290.0,25758.0,5910.0,10078.0,2008.0,197188.0,60083.0,6744.0,263.0
30288,7719.0,288.0,7319.0,231.0,34.0,7592.0,444.0,2548.0,497.0,35748.0,24097.0,2058.0,91.0
30290,5400.0,3606.0,5098.0,170.0,88.0,5400.0,147.0,1799.0,62.0,46806.0,0.0,1529.0,12.0
30291,20026.0,2652.0,18382.0,1357.0,537.0,20026.0,4473.0,7066.0,1688.0,53724.0,19764.0,3466.0,24.0
30292,3530.0,3393.0,3429.0,76.0,0.0,3530.0,206.0,1141.0,207.0,34935.0,32939.0,1008.0,47.0
30294,40557.0,7480.0,37860.0,2612.0,1232.0,40412.0,5698.0,13087.0,2292.0,195563.0,142931.0,9692.0,227.0
30295,7001.0,5976.0,6732.0,119.0,37.0,6791.0,821.0,2408.0,243.0,32154.0,25583.0,1958.0,70.0
30296,26322.0,2520.0,24507.0,1382.0,639.0,26227.0,5283.0,8989.0,2398.0,149981.0,52847.0,4948.0,176.0
30297,30818.0,10365.0,28146.0,7570.0,4274.0,30370.0,9670.0,9655.0,3034.0,160170.0,44196.0,4392.0,102.0
30301,3245.0,1270.0,3098.0,144.0,8.0,2581.0,959.0,1777.0,393.0,40238.0,0.0,181.0,0.0
30302,2882.0,118.0,2678.0,50.0,8.0,2856.0,1248.0,1213.0,466.0,27669.0,0.0,263.0,9.0
30305,18847.0,15638.0,18033.0,610.0,194.0,18633.0,1366.0,9846.0,406.0,315401.0,0.0,5220.0,44.0
30306,25365.0,22337.0,24052.0,699.0,218.0,25045.0,2128.0,12259.0,317.0,479751.0,0.0,7007.0,211.0
30307,17969.0,14273.0,17024.0,386.0,15.0,17969.0,1878.0,8481.0,382.0,351955.0,50208.0,4615.0,33.0
30308,26063.0,15072.0,25080.0,1132.0,279.0,22904.0,4641.0,14113.0,1392.0,279640.0,67772.0,4699.0,17.0
30309,21949.0,15236.0,21390.0,747.0,118.0,20052.0,1946.0,11932.0,363.0,335995.0,25813.0,5546.0,215.0
30310,28364.0,1960.0,26328.0,546.0,156.0,28249.0,10268.0,10104.0,3573.0,287285.0,108878.0,3775.0,108.0
30311,38582.0,1268.0,35566.0,1448.0,938.0,38287.0,14665.0,13984.0,5620.0,172346.0,11250.0,5098.0,155.0
30312,22052.0,9485.0,20919.0,803.0,120.0,18667.0,5179.0,8508.0,1543.0,284036.0,0.0,3152.0,97.0
30313,6864.0,1288.0,6578.0,168.0,53.0,5127.0,2053.0,2340.0,467.0,70902.0,2499.0,653.0,25.0
30314,22967.0,1712.0,21798.0,580.0,105.0,18824.0,6930.0,7442.0,2655.0,225800.0,44643.0,2231.0,122.0
30315,33121.0,4390.0,30191.0,2486.0,1201.0,30185.0,12683.0,11070.0,4034.0,266059.0,69931.0,3676.0,328.0
30316,34392.0,12943.0,31845.0,1362.0,283.0,32931.0,5983.0,13918.0,2404.0,305705.0,99832.0,7960.0,288.0
30317,12295.0,5602.0,11310.0,411.0,16.0,12258.0,2043.0,5255.0,960.0,193459.0,27931.0,3217.0,104.0
30318,52887.0,21583.0,49657.0,2188.0,611.0,49414.0,11235.0,22243.0,2757.0,505451.0,32290.0,8913.0,180.0
30319,37320.0,29443.0,34232.0,3019.0,1586.0,36430.0,3710.0,16564.0,732.0,472707.0,23403.0,9512.0,132.0
30320,0.0,0.0,0.0,0.0,0.0,0.0,0.0,0.0,0.0,0.0,0.0,0.0,0.0
30321,2090.0,22.0,1949.0,1.0,0.0,2080.0,717.0,725.0,264.0,25063.0,10729.0,332.0,15.0
30324,24949.0,16458.0,23731.0,3436.0,1567.0,24949.0,3869.0,13312.0,604.0,243160.0,25809.0,3992.0,21.0
30326,12727.0,10666.0,11993.0,365.0,45.0,12601.0,389.0,6090.0,28.0,150117.0,0.0,3616.0,180.0
30327,18654.0,16541.0,17652.0,408.0,48.0,18567.0,589.0,7457.0,137.0,436412.0,0.0,5904.0,107.0
30328,37111.0,26393.0,34831.0,2360.0,902.0,37111.0,3208.0,16097.0,553.0,429278.0,36483.0,9064.0,297.0
30329,34323.0,19117.0,31790.0,8770.0,5905.0,29382.0,6705.0,12544.0,715.0,205518.0,82491.0,3083.0,62.0
30331,55026.0,1243.0,51508.0,1662.0,526.0,54752.0,13521.0,20069.0,5086.0,243552.0,104372.0,9050.0,261.0
30337,10211.0,2142.0,9361.0,539.0,121.0,10187.0,3270.0,3939.0,1305.0,89692.0,0.0,1236.0,122.0
30338,29342.0,20922.0,27302.0,1051.0,376.0,29258.0,1754.0,11873.0,175.0,417769.0,0.0,7348.0,82.0
30339,27527.0,14699.0,25448.0,1894.0,654.0,27448.0,2065.0,14076.0,462.0,299106.0,69813.0,4527.0,68.0
30340,30636.0,15622.0,27687.0,12275.0,6987.0,30587.0,7551.0,10331.0,1786.0,181987.0,37598.0,3604.0,59.0
30341,25304.0,14364.0,23344.0,7176.0,5493.0,25093.0,6270.0,9445.0,1175.0,173165.0,70658.0,3869.0,67.0
30342,32971.0,24874.0,30937.0,5573.0,3139.0,32731.0,3973.0,14038.0,866.0,360362.0,0.0,7276.0,225.0
30344,33490.0,4524.0,31110.0,3108.0,1263.0,33022.0,9466.0,12813.0,2916.0,194887.0,79492.0,5354.0,233.0
30345,27896.0,19188.0,25548.0,4952.0,2990.0,27772.0,5373.0,10987.0,815.0,317998.0,0.0,6144.0,76.0
30346,8057.0,4956.0,7593.0,202.0,120.0,8057.0,520.0,4109.0,25.0,61906.0,23750.0,795.0,47.0
30349,65691.0,3302.0,60868.0,2321.0,1051.0,65414.0,12749.0,22821.0,5016.0,357008.0,161669.0,11732.0,282.0
30350,36620.0,20502.0,34339.0,2638.0,1074.0,36584.0,4992.0,16458.0,1196.0,427303.0,78219.0,5650.0,106.0
30354,14653.0,3110.0,13311.0,1573.0,638.0,14653.0,5341.0,5454.0,1686.0,62417.0,29620.0,1580.0,72.0
30360,15147.0,10251.0,13714.0,4163.0,2389.0,15147.0,2258.0,5342.0,435.0,115188.0,14444.0,2909.0,65.0
30377,7130.0,3683.0,7130.0,354.0,25.0,770.0,322.0,470.0,0.0,4275.0,0.0,3.0,0.0
30401,13783.0,7699.0,12725.0,535.0,389.0,13455.0,4119.0,4949.0,1356.0,75381.0,64477.0,3160.0,86.0
30411,5259.0,2745.0,5092.0,162.0,52.0,2438.0,667.0,959.0,239.0,30263.0,0.0,716.0,14.0
30415,17128.0,14358.0,16251.0,504.0,203.0,17004.0,3398.0,6086.0,898.0,63276.0,33833.0,4319.0,123.0
30417,10733.0,6388.0,9929.0,1023.0,490.0,10221.0,2673.0,3950.0,878.0,85699.0,66777.0,2549.0,96.0
30421,3126.0,2608.0,2895.0,70.0,18.0,3126.0,676.0,1356.0,342.0,31753.0,24306.0,948.0,16.0
30427,9888.0,6253.0,9231.0,763.0,394.0,7855.0,1750.0,3243.0,612.0,56414.0,12027.0,2229.0,222.0
30428,2673.0,1834.0,2504.0,26.0,17.0,2608.0,716.0,1106.0,298.0,28250.0,16071.0,646.0,20.0
30434,5504.0,2315.0,5129.0,50.0,17.0,5090.0,1835.0,2005.0,553.0,26672.0,12837.0,1240.0,56.0
30436,11747.0,8197.0,10885.0,1532.0,801.0,11705.0,3416.0,4366.0,1233.0,87509.0,26250.0,2875.0,279.0
30439,10962.0,7408.0,10349.0,812.0,335.0,10614.0,3155.0,4026.0,830.0,69766.0,23472.0,2489.0,130.0
30441,3500.0,2084.0,3312.0,137.0,81.0,3466.0,623.0,1386.0,221.0,46800.0,21250.0,1030.0,18.0
30442,9055.0,5653.0,8645.0,220.0,119.0,8964.0,2539.0,3554.0,765.0,53312.0,21333.0,2426.0,164.0
30445,4865.0,2672.0,4611.0,379.0,178.0,4094.0,850.0,1562.0,374.0,24173.0,20543.0,950.0,36.0
30450,3701.0,2534.0,3497.0,20.0,4.0,3683.0,905.0,1451.0,341.0,25530.0,0.0,1010.0,13.0
30452,2493.0,1715.0,2296.0,22.0,0.0,2491.0,619.0,907.0,154.0,24031.0,12885.0,677.0,30.0
30453,12246.0,6486.0,11653.0,1459.0,428.0,8127.0,2864.0,3300.0,939.0,49036.0,14125.0,2108.0,24.0
30456,2887.0,1377.0,2677.0,0.0,0.0,2866.0,877.0,999.0,288.0,26803.0,13482.0,746.0,8.0
30457,6711.0,4590.0,6275.0,115.0,65.0,6341.0,1184.0,2586.0,569.0,58369.0,9861.0,1803.0,123.0
30458,30665.0,18490.0,29188.0,827.0,231.0,24637.0,10687.0,10411.0,1715.0,89331.0,48979.0,3351.0,26.0
30461,19154.0,11202.0,17851.0,329.0,107.0,18500.0,5313.0,7355.0,1442.0,83154.0,31111.0,3847.0,108.0
30467,14114.0,7901.0,13219.0,163.0,54.0,13701.0,3425.0,5214.0,1048.0,139747.0,47688.0,3613.0,57.0
30471,5844.0,3717.0,5460.0,239.0,58.0,5380.0,1673.0,2020.0,555.0,29325.0,23750.0,1329.0,57.0
30473,2057.0,1612.0,1948.0,127.0,82.0,2057.0,522.0,803.0,136.0,24390.0,0.0,653.0,36.0
30474,17496.0,11207.0,16165.0,1046.0,603.0,17174.0,4208.0,6794.0,1450.0,116416.0,25167.0,4126.0,405.0
30477,3541.0,1126.0,3377.0,131.0,39.0,3461.0,988.0,1243.0,420.0,23265.0,0.0,755.0,43.0
30501,19954.0,14330.0,18143.0,6471.0,4244.0,18614.0,5990.0,6425.0,1470.0,102558.0,4327.0,2693.0,72.0
30504,28386.0,22112.0,26323.0,11703.0,5765.0,28243.0,7060.0,9487.0,1737.0,139354.0,43827.0,4302.0,102.0
30506,46250.0,43560.0,43122.0,4000.0,1761.0,46093.0,5668.0,16025.0,1433.0,361015.0,124234.0,12134.0,411.0
30507,37935.0,28477.0,35161.0,14768.0,6793.0,37612.0,7808.0,10406.0,2061.0,155566.0,108111.0,7107.0,134.0
30510,6106.0,5229.0,5876.0,806.0,372.0,3997.0,673.0,1412.0,211.0,26419.0,17969.0,1157.0,12.0
30511,5271.0,5087.0,5012.0,481.0,310.0,5261.0,987.0,1919.0,277.0,25781.0,22625.0,1482.0,35.0
30512,22033.0,21373.0,21297.0,551.0,320.0,21515.0,2822.0,8873.0,925.0,156846.0,18464.0,6941.0,57.0
30513,13260.0,12912.0,12606.0,387.0,165.0,12942.0,2491.0,5425.0,780.0,60746.0,39327.0,3906.0,77.0
30517,5477.0,4936.0,5104.0,382.0,194.0,5463.0,703.0,1781.0,134.0,39159.0,13073.0,1531.0,44.0
30518,60930.0,44272.0,57101.0,9959.0,4865.0,60498.0,6093.0,19283.0,1834.0,303828.0,77633.0,14525.0,298.0
30519,58014.0,40258.0,52959.0,5367.0,2169.0,56699.0,5253.0,17127.0,966.0,165420.0,84647.0,13231.0,435.0
30521,5883.0,4931.0,5453.0,226.0,48.0,5790.0,1641.0,2067.0,522.0,22293.0,7353.0,1766.0,16.0
30523,13008.0,12316.0,12485.0,751.0,391.0,12754.0,1603.0,5163.0,672.0,86610.0,63316.0,4005.0,89.0
30525,5650.0,5167.0,5458.0,512.0,293.0,5650.0,1067.0,2466.0,327.0,47290.0,0.0,1718.0,4.0
30527,4263.0,4218.0,4019.0,21.0,0.0,4232.0,176.0,1511.0,104.0,31261.0,27188.0,1286.0,23.0
30528,25397.0,23933.0,24131.0,962.0,404.0,24980.0,4972.0,9723.0,1337.0,111497.0,38978.0,6961.0,132.0
30529,9819.0,7911.0,8936.0,505.0,233.0,9612.0,1951.0,3426.0,681.0,62166.0,16103.0,2199.0,48.0
30530,3967.0,3649.0,3694.0,175.0,114.0,3951.0,715.0,1219.0,215.0,28750.0,0.0,879.0,10.0
30531,8501.0,6651.0,7744.0,2612.0,1305.0,8488.0,2614.0,2791.0,713.0,28119.0,25556.0,1629.0,10.0
30533,31094.0,29407.0,29637.0,1266.0,431.0,29697.0,6426.0,11255.0,1846.0,104804.0,69918.0,7227.0,249.0
30534,22939.0,21843.0,21733.0,696.0,311.0,22555.0,3028.0,8522.0,907.0,103128.0,11875.0,6602.0,251.0
30535,10815.0,9451.0,10073.0,723.0,369.0,10289.0,1959.0,3719.0,718.0,57055.0,26383.0,2836.0,77.0
30536,8005.0,7815.0,7621.0,173.0,58.0,7908.0,1285.0,3292.0,368.0,59502.0,0.0,2660.0,72.0
30537,5534.0,5026.0,5254.0,465.0,178.0,5400.0,1284.0,2145.0,307.0,24286.0,16282.0,1399.0,43.0
30540,20951.0,18369.0,19776.0,2011.0,1157.0,20664.0,4271.0,7839.0,1335.0,75202.0,56843.0,5706.0,146.0
30542,26228.0,22381.0,24701.0,3477.0,1784.0,26089.0,3065.0,8738.0,847.0,175935.0,81491.0,5922.0,86.0
30543,3328.0,3156.0,3182.0,453.0,83.0,3320.0,313.0,1281.0,154.0,30850.0,16336.0,1022.0,35.0
30546,6465.0,6289.0,6264.0,87.0,44.0,6351.0,849.0,3033.0,309.0,42763.0,41491.0,2459.0,111.0
30547,4799.0,4324.0,4592.0,51.0,7.0,4799.0,684.0,1727.0,266.0,25978.0,20852.0,1304.0,43.0
30548,23369.0,21200.0,22087.0,1108.0,523.0,23252.0,1612.0,7986.0,537.0,164997.0,0.0,6916.0,157.0
30549,24099.0,21032.0,22730.0,1298.0,600.0,23846.0,2784.0,8230.0,962.0,139195.0,110047.0,5998.0,112.0
30552,5128.0,4858.0,4915.0,351.0,143.0,4987.0,1140.0,2018.0,232.0,57358.0,39688.0,1705.0,63.0
30553,11287.0,9653.0,10654.0,522.0,194.0,11240.0,2225.0,4345.0,784.0,88070.0,53988.0,2836.0,0.0
30554,4785.0,4185.0,4494.0,280.0,129.0,4785.0,870.0,1767.0,304.0,31331.0,25000.0,1230.0,35.0
30555,2406.0,2346.0,2342.0,0.0,0.0,2380.0,411.0,999.0,94.0,30158.0,0.0,789.0,0.0
30558,9183.0,8417.0,8527.0,309.0,135.0,9093.0,1293.0,3208.0,462.0,59477.0,24063.0,2447.0,54.0
30559,3956.0,3770.0,3863.0,29.0,20.0,3956.0,661.0,1680.0,149.0,25784.0,19000.0,1371.0,19.0
30560,4395.0,4308.0,4240.0,51.0,13.0,4395.0,699.0,1823.0,134.0,25306.0,0.0,1609.0,14.0
30563,5294.0,4471.0,4939.0,763.0,302.0,5238.0,622.0,1771.0,166.0,27979.0,30484.0,1409.0,9.0
30565,5056.0,4759.0,4762.0,444.0,228.0,5056.0,1059.0,1760.0,255.0,34567.0,20781.0,1455.0,87.0
30566,9267.0,7820.0,8679.0,2180.0,974.0,9216.0,1407.0,3239.0,288.0,59364.0,25455.0,2255.0,40.0
30571,2743.0,2609.0,2694.0,8.0,3.0,2735.0,373.0,1293.0,151.0,30000.0,0.0,1010.0,0.0
30577,25584.0,21550.0,24245.0,671.0,253.0,24920.0,4995.0,9189.0,1745.0,132288.0,32674.0,6564.0,151.0
30582,4511.0,4306.0,4335.0,34.0,1.0,3788.0,679.0,1578.0,252.0,15403.0,24375.0,1205.0,15.0
30601,24534.0,12107.0,22948.0,2925.0,1719.0,24475.0,11653.0,9301.0,2244.0,103235.0,9185.0,2882.0,78.0
30605,45436.0,33054.0,43558.0,1938.0,744.0,36088.0,13610.0,15248.0,1805.0,182043.0,9722.0,4843.0,68.0
30606,44986.0,31432.0,42257.0,3199.0,1789.0,44523.0,10861.0,18525.0,2319.0,332169.0,29974.0,9150.0,227.0
30607,6105.0,3248.0,5491.0,2147.0,1362.0,5948.0,2428.0,1563.0,473.0,20400.0,16300.0,792.0,61.0
30608,2155.0,701.0,2050.0,319.0,134.0,1876.0,701.0,633.0,248.0,18077.0,0.0,162.0,3.0
30620,9787.0,7729.0,9099.0,748.0,401.0,9774.0,1265.0,3428.0,365.0,69578.0,21944.0,2937.0,35.0
30621,2850.0,2650.0,2693.0,98.0,50.0,2840.0,266.0,993.0,82.0,38220.0,0.0,899.0,30.0
30622,11545.0,9967.0,10910.0,238.0,91.0,11545.0,332.0,3990.0,138.0,52104.0,24128.0,3239.0,60.0
30624,3678.0,3076.0,3499.0,109.0,32.0,3671.0,748.0,1449.0,342.0,25567.0,23375.0,1119.0,34.0
30625,2988.0,2551.0,2804.0,104.0,99.0,2988.0,441.0,1117.0,101.0,30821.0,7150.0,795.0,38.0
30627,1620.0,1346.0,1538.0,0.0,0.0,1597.0,401.0,702.0,94.0,34451.0,0.0,546.0,24.0
30628,5575.0,4283.0,5214.0,520.0,179.0,5574.0,337.0,1905.0,246.0,30342.0,0.0,1470.0,74.0
30629,4652.0,3548.0,4404.0,66.0,3.0,4442.0,871.0,1843.0,335.0,27059.0,19886.0,1330.0,21.0
30631,1904.0,668.0,1809.0,43.0,39.0,1890.0,593.0,748.0,209.0,24063.0,12250.0,516.0,11.0
30633,11924.0,11119.0,11294.0,286.0,84.0,11854.0,2455.0,4176.0,576.0,91089.0,37194.0,3019.0,84.0
30635,15716.0,9857.0,14706.0,785.0,417.0,15404.0,3020.0,6162.0,1248.0,110438.0,38604.0,4210.0,148.0
30642,10433.0,6337.0,9785.0,696.0,494.0,10336.0,2494.0,4272.0,513.0,131583.0,10125.0,3003.0,116.0
30643,18546.0,13763.0,17529.0,493.0,163.0,17689.0,3757.0,7244.0,1262.0,76570.0,11480.0,5234.0,29.0
30646,6211.0,5078.0,5725.0,280.0,171.0,6211.0,857.0,2424.0,381.0,34069.0,0.0,1748.0,31.0
30648,4964.0,3638.0,4654.0,9.0,9.0,4830.0,959.0,1927.0,309.0,25850.0,31250.0,1372.0,48.0
30650,11088.0,7361.0,10498.0,237.0,182.0,10884.0,1423.0,4184.0,734.0,96999.0,8214.0,3114.0,184.0
30655,23496.0,17860.0,21810.0,289.0,92.0,22727.0,3755.0,8206.0,1596.0,128436.0,75907.0,5129.0,81.0
30656,15422.0,10822.0,14298.0,532.0,189.0,15116.0,2590.0,5496.0,783.0,61220.0,48959.0,3917.0,139.0
30660,1838.0,912.0,1684.0,202.0,116.0,1836.0,762.0,628.0,136.0,26134.0,16202.0,482.0,5.0
30662,11990.0,10466.0,11315.0,140.0,108.0,11414.0,3031.0,4620.0,1195.0,79636.0,26937.0,3014.0,70.0
30663,3867.0,3397.0,3726.0,56.0,0.0,3867.0,490.0,1347.0,182.0,34291.0,0.0,1067.0,30.0
30666,6546.0,4518.0,5960.0,242.0,115.0,6535.0,817.0,2104.0,379.0,26957.0,16750.0,1530.0,58.0
30667,1907.0,1579.0,1837.0,36.0,29.0,1907.0,383.0,715.0,110.0,30874.0,22500.0,556.0,30.0
30668,1472.0,952.0,1399.0,32.0,24.0,1433.0,374.0,639.0,155.0,31351.0,0.0,484.0,19.0
30669,4544.0,2517.0,4263.0,59.0,31.0,4487.0,1213.0,1746.0,371.0,45750.0,30129.0,1308.0,52.0
30673,6614.0,3386.0,6207.0,94.0,82.0,6528.0,1484.0,2708.0,573.0,51884.0,26506.0,1731.0,95.0
30677,14749.0,13457.0,13911.0,400.0,245.0,14495.0,901.0,5113.0,141.0,119666.0,40476.0,4302.0,58.0
30678,1558.0,1028.0,1488.0,17.0,12.0,1558.0,276.0,655.0,70.0,25469.0,30833.0,538.0,21.0
30680,41773.0,33730.0,38838.0,3510.0,1523.0,41446.0,6191.0,13653.0,2192.0,305368.0,73127.0,9174.0,160.0
30683,11000.0,7636.0,10376.0,916.0,539.0,11000.0,1929.0,4202.0,624.0,58682.0,56108.0,2805.0,101.0
30701,45330.0,40156.0,42422.0,6674.0,3471.0,44538.0,9611.0,15969.0,3184.0,194115.0,43604.0,9766.0,322.0
30705,36038.0,34958.0,33878.0,4244.0,1907.0,35604.0,6502.0,12984.0,2276.0,196626.0,82427.0,8397.0,132.0
30707,17578.0,16749.0,16614.0,55.0,13.0,17417.0,3113.0,6812.0,921.0,89716.0,35781.0,5154.0,122.0
30710,12595.0,11894.0,11695.0,879.0,321.0,12576.0,1784.0,4339.0,651.0,63341.0,30273.0,3250.0,61.0
30711,3320.0,3109.0,3072.0,72.0,26.0,3243.0,813.0,1282.0,280.0,27062.0,0.0,982.0,45.0
30720,27275.0,24253.0,25377.0,6769.0,2738.0,26437.0,4949.0,9502.0,1366.0,142614.0,20875.0,5411.0,56.0
30721,47441.0,40944.0,43880.0,19694.0,10393.0,47262.0,11082.0,14987.0,2344.0,198792.0,39634.0,8989.0,225.0
30728,19909.0,18348.0,18705.0,37.0,34.0,19414.0,3291.0,7472.0,1358.0,128332.0,36623.0,5295.0,127.0
30730,2563.0,2440.0,2392.0,55.0,21.0,2512.0,525.0,1000.0,133.0,32473.0,33750.0,749.0,8.0
30731,2898.0,2739.0,2801.0,10.0,0.0,2888.0,632.0,1266.0,161.0,28229.0,0.0,922.0,31.0
30733,4677.0,4381.0,4434.0,177.0,92.0,4677.0,823.0,1685.0,226.0,30905.0,0.0,1228.0,28.0
30734,6072.0,5809.0,5620.0,387.0,285.0,6072.0,954.0,2125.0,230.0,30488.0,11488.0,1588.0,106.0
30736,39557.0,36862.0,37356.0,823.0,406.0,39235.0,3619.0,14109.0,1277.0,245271.0,62236.0,11296.0,167.0
30738,4259.0,4026.0,4060.0,65.0,0.0,3152.0,732.0,1215.0,217.0,16473.0,0.0,1001.0,39.0
30739,7044.0,6743.0,6733.0,61.0,8.0,6345.0,530.0,2196.0,199.0,38197.0,0.0,1919.0,19.0
30740,12184.0,10565.0,11546.0,1133.0,389.0,12126.0,1687.0,4514.0,512.0,62854.0,0.0,3264.0,25.0
30741,32294.0,29086.0,30643.0,903.0,170.0,32001.0,6402.0,12535.0,2342.0,146859.0,69553.0,8158.0,173.0
30742,8226.0,7551.0,7679.0,59.0,0.0,7986.0,1602.0,3127.0,594.0,29735.0,17303.0,1597.0,0.0
30747,13388.0,10729.0,12680.0,138.0,97.0,11534.0,2561.0,4771.0,985.0,86460.0,59622.0,3076.0,69.0
30750,3066.0,2990.0,2866.0,21.0,0.0,3066.0,444.0,1128.0,64.0,36230.0,0.0,888.0,13.0
30752,12097.0,11542.0,11528.0,209.0,73.0,11911.0,1770.0,4842.0,622.0,89673.0,53782.0,3611.0,64.0
30753,6197.0,5816.0,5822.0,721.0,593.0,6197.0,1464.0,2324.0,513.0,28428.0,23571.0,1493.0,28.0
30755,10272.0,9829.0,9658.0,336.0,114.0,10227.0,1596.0,3773.0,420.0,62223.0,25625.0,2903.0,103.0
30802,2601.0,1980.0,2511.0,27.0,18.0,2510.0,379.0,829.0,105.0,30750.0,0.0,698.0,0.0
30808,5286.0,3745.0,5089.0,168.0,2.0,5286.0,1177.0,1964.0,284.0,26500.0,18889.0,1408.0,23.0
30809,45453.0,35977.0,42456.0,1264.0,396.0,45260.0,2514.0,13804.0,298.0,279869.0,85787.0,11406.0,598.0
30810,3053.0,2701.0,2889.0,11.0,0.0,2962.0,450.0,1105.0,149.0,26845.0,11875.0,844.0,0.0
30813,29382.0,18412.0,26996.0,1828.0,620.0,29297.0,3642.0,9387.0,1041.0,118733.0,53207.0,6562.0,177.0
30814,11673.0,8707.0,10730.0,506.0,90.0,11673.0,1944.0,3920.0,368.0,57964.0,22266.0,3127.0,69.0
30815,38016.0,14912.0,35769.0,892.0,345.0,38006.0,7497.0,12684.0,2430.0,231763.0,127557.0,9146.0,931.0
30817,7712.0,5134.0,7308.0,145.0,36.0,7645.0,1939.0,3457.0,548.0,57378.0,29667.0,2548.0,60.0
30823,2269.0,1398.0,2131.0,76.0,47.0,2256.0,380.0,700.0,105.0,27833.0,50809.0,576.0,2.0
30824,16272.0,8181.0,14959.0,358.0,270.0,15962.0,4360.0,6103.0,1616.0,112128.0,36329.0,3562.0,63.0
30828,5504.0,2067.0,5208.0,37.0,37.0,5428.0,1432.0,2204.0,544.0,52714.0,9167.0,1469.0,20.0
30830,15733.0,6723.0,14532.0,461.0,128.0,15448.0,5012.0,5610.0,1590.0,82904.0,13889.0,3841.0,56.0
30833,4887.0,2161.0,4349.0,19.0,0.0,4880.0,1332.0,1907.0,464.0,26896.0,0.0,1220.0,26.0
30901,12259.0,1952.0,11495.0,205.0,52.0,11766.0,5304.0,4942.0,1944.0,129426.0,36595.0,1498.0,50.0
30903,1037.0,43.0,980.0,48.0,0.0,1037.0,446.0,486.0,147.0,19006.0,0.0,217.0,4.0
30904,26481.0,12761.0,24748.0,631.0,239.0,25414.0,6237.0,10858.0,2566.0,283883.0,103345.0,5140.0,248.0
30905,8046.0,4406.0,7149.0,560.0,60.0,4007.0,350.0,1111.0,91.0,25897.0,0.0,9.0,0.0
30906,65432.0,18295.0,60230.0,1788.0,561.0,63652.0,20222.0,21955.0,6603.0,291206.0,239963.0,11833.0,1297.0
30907,58821.0,46012.0,55916.0,1671.0,437.0,58470.0,5794.0,21167.0,1496.0,366031.0,184641.0,15869.0,734.0
30909,39721.0,19095.0,37039.0,1267.0,201.0,38315.0,6649.0,16034.0,1780.0,234168.0,45675.0,7670.0,236.0
30916,4919.0,2261.0,4528.0,100.0,55.0,4908.0,1536.0,1734.0,411.0,21315.0,16964.0,1129.0,84.0
31001,3992.0,1885.0,3837.0,79.0,32.0,1973.0,657.0,823.0,241.0,25508.0,16250.0,539.0,23.0
31002,1295.0,1209.0,1251.0,0.0,0.0,1295.0,229.0,527.0,87.0,25927.0,12386.0,419.0,26.0
31005,26652.0,18946.0,24986.0,1100.0,348.0,26421.0,3145.0,9185.0,719.0,128609.0,39310.0,7460.0,164.0
31006,5858.0,3684.0,5512.0,39.0,15.0,5667.0,1657.0,2304.0,653.0,53768.0,16250.0,1569.0,8.0
31008,26493.0,18799.0,24795.0,777.0,223.0,26403.0,3484.0,10375.0,1260.0,154799.0,25192.0,7690.0,441.0
31009,2563.0,2214.0,2527.0,100.0,69.0,2393.0,487.0,1007.0,65.0,34434.0,0.0,855.0,2.0
31011,2036.0,1611.0,1946.0,27.0,0.0,2036.0,529.0,820.0,199.0,27300.0,0.0,601.0,14.0
31014,16326.0,11011.0,15535.0,233.0,65.0,13271.0,2942.0,4907.0,1101.0,115154.0,31080.0,3557.0,98.0
31015,21588.0,11160.0,20113.0,562.0,179.0,21114.0,7152.0,7924.0,2452.0,123719.0,12062.0,4474.0,116.0
31017,3572.0,1454.0,3411.0,21.0,21.0,3568.0,1231.0,1237.0,235.0,35091.0,0.0,981.0,30.0
31018,5148.0,2313.0,4994.0,121.0,85.0,3708.0,632.0,1423.0,380.0,30064.0,27188.0,1140.0,48.0
31019,2572.0,2241.0,2347.0,7.0,2.0,2572.0,592.0,906.0,121.0,36712.0,23750.0,682.0,7.0
31021,25751.0,12611.0,23850.0,171.0,105.0,24893.0,6966.0,9451.0,2084.0,192352.0,110257.0,5253.0,107.0
31022,2159.0,1575.0,2039.0,42.0,20.0,2149.0,432.0,699.0,110.0,32474.0,17386.0,525.0,23.0
31023,15468.0,10311.0,14509.0,435.0,181.0,14950.0,3341.0,6341.0,1592.0,118489.0,47865.0,3930.0,96.0
31024,21259.0,14377.0,20124.0,1238.0,741.0,20990.0,3727.0,8322.0,1174.0,135454.0,0.0,6165.0,187.0
31027,10203.0,6998.0,9518.0,323.0,113.0,10192.0,3024.0,3843.0,838.0,52520.0,19097.0,2425.0,50.0
31028,5936.0,4387.0,5668.0,242.0,54.0,5860.0,726.0,2040.0,354.0,28550.0,80063.0,1233.0,24.0
31029,20445.0,14123.0,19468.0,422.0,241.0,19319.0,3174.0,7336.0,1136.0,132249.0,0.0,5360.0,180.0
31030,18194.0,6784.0,17187.0,1567.0,806.0,16147.0,4320.0,6245.0,1992.0,122729.0,28750.0,3982.0,72.0
31031,4557.0,2871.0,4203.0,15.0,6.0,4549.0,838.0,1611.0,309.0,30612.0,20972.0,1193.0,43.0
31032,18813.0,14503.0,17815.0,48.0,17.0,18520.0,2403.0,6861.0,879.0,145410.0,71545.0,5648.0,138.0
31036,15663.0,10381.0,14975.0,614.0,125.0,14053.0,2621.0,5271.0,1071.0,118265.0,18716.0,3400.0,126.0
31041,1813.0,863.0,1730.0,19.0,0.0,1729.0,357.0,684.0,161.0,26585.0,16538.0,478.0,23.0
31044,4791.0,3184.0,4499.0,10.0,10.0,4691.0,1273.0,1650.0,316.0,33852.0,0.0,1325.0,4.0
31046,6599.0,5678.0,6127.0,173.0,33.0,6489.0,245.0,2253.0,121.0,40360.0,0.0,1864.0,181.0
31047,8568.0,5957.0,8115.0,416.0,152.0,8486.0,472.0,2812.0,168.0,41686.0,0.0,2314.0,45.0
31049,2769.0,2451.0,2526.0,45.0,0.0,2675.0,784.0,923.0,219.0,29128.0,10208.0,713.0,37.0
31052,11323.0,7265.0,10870.0,116.0,15.0,11218.0,871.0,4218.0,182.0,71136.0,29621.0,3444.0,80.0
31054,3043.0,1401.0,2946.0,52.0,26.0,3009.0,712.0,1072.0,137.0,28065.0,22083.0,836.0,15.0
31055,11646.0,5876.0,11089.0,2120.0,1733.0,7908.0,2720.0,3083.0,794.0,27790.0,23475.0,1767.0,19.0
31057,2035.0,585.0,1885.0,0.0,0.0,2023.0,669.0,707.0,187.0,22519.0,8750.0,458.0,5.0
31060,1754.0,1543.0,1658.0,94.0,60.0,1746.0,204.0,720.0,109.0,31143.0,0.0,535.0,3.0
31061,45808.0,24874.0,43496.0,792.0,125.0,42091.0,12503.0,15880.0,2545.0,211865.0,93084.0,8551.0,225.0
31063,5340.0,1993.0,5004.0,316.0,152.0,5267.0,1764.0,1911.0,449.0,25501.0,22034.0,1134.0,14.0
31064,8632.0,6065.0,8042.0,230.0,186.0,8466.0,1611.0,3286.0,714.0,30935.0,21111.0,2333.0,150.0
31068,4658.0,1381.0,4502.0,233.0,124.0,2951.0,1107.0,1244.0,435.0,20357.0,11944.0,752.0,20.0
31069,19236.0,11730.0,17842.0,469.0,98.0,18394.0,3388.0,6801.0,1120.0,87625.0,79052.0,4232.0,75.0
31071,1363.0,882.0,1283.0,29.0,8.0,1316.0,298.0,530.0,113.0,26136.0,11875.0,402.0,35.0
31072,1457.0,1240.0,1386.0,210.0,83.0,1453.0,200.0,570.0,98.0,37440.0,0.0,435.0,16.0
31075,4554.0,3457.0,4306.0,310.0,179.0,4554.0,1471.0,1716.0,313.0,29419.0,0.0,1245.0,7.0
31076,2496.0,1182.0,2407.0,142.0,4.0,2469.0,653.0,1064.0,255.0,25363.0,0.0,747.0,47.0
31078,4002.0,2027.0,3674.0,19.0,0.0,3798.0,744.0,1390.0,278.0,31915.0,27143.0,1024.0,57.0
31079,2072.0,1510.0,1943.0,15.0,0.0,2072.0,267.0,775.0,178.0,28648.0,0.0,579.0,48.0
31082,9833.0,4077.0,9057.0,62.0,18.0,9574.0,2926.0,3765.0,912.0,58796.0,26874.0,2493.0,123.0
31087,8747.0,2128.0,8415.0,182.0,58.0,6732.0,2111.0,2813.0,646.0,38792.0,37361.0,2164.0,105.0
31088,49346.0,29676.0,46021.0,2511.0,923.0,49229.0,9279.0,19311.0,2006.0,212913.0,147993.0,12112.0,331.0
31089,3934.0,1743.0,3726.0,211.0,100.0,3878.0,1174.0,1462.0,346.0,25000.0,12917.0,955.0,80.0
31090,1712.0,1243.0,1633.0,26.0,24.0,1652.0,365.0,614.0,87.0,27232.0,25938.0,483.0,7.0
31091,5531.0,2266.0,5300.0,412.0,248.0,3967.0,1116.0,1747.0,530.0,25666.0,76169.0,1229.0,12.0
31092,8558.0,3958.0,8192.0,478.0,293.0,8455.0,1897.0,3393.0,936.0,46609.0,35817.0,2067.0,152.0
31093,24556.0,12176.0,22503.0,1669.0,399.0,24267.0,8049.0,8937.0,2449.0,135013.0,42795.0,4284.0,112.0
31094,1765.0,1213.0,1692.0,4.0,0.0,1765.0,264.0,731.0,105.0,32170.0,3000.0,565.0,13.0
31096,6925.0,3816.0,6605.0,11.0,1.0,6714.0,1579.0,2245.0,659.0,56371.0,16771.0,1530.0,117.0
31098,1341.0,975.0,1197.0,43.0,3.0,962.0,74.0,259.0,6.0,37708.0,0.0,4.0,0.0
31119,3646.0,3136.0,3262.0,313.0,183.0,3646.0,220.0,1443.0,67.0,63227.0,0.0,1010.0,57.0
31201,10818.0,3670.0,10119.0,167.0,29.0,7785.0,4185.0,3639.0,1462.0,102423.0,6516.0,684.0,21.0
31203,786.0,52.0,758.0,14.0,0.0,781.0,297.0,292.0,111.0,15909.0,0.0,171.0,7.0
31204,32805.0,10313.0,29990.0,401.0,77.0,32256.0,10696.0,13180.0,3695.0,251742.0,143851.0,6026.0,183.0
31206,30816.0,7873.0,27910.0,1205.0,476.0,29321.0,13028.0,9673.0,3941.0,185041.0,85185.0,4586.0,199.0
31210,26656.0,18202.0,25434.0,443.0,143.0,26125.0,3085.0,10754.0,770.0,221221.0,61508.0,6001.0,144.0
31211,16813.0,8398.0,15462.0,253.0,48.0,16791.0,3902.0,6381.0,1455.0,127699.0,62974.0,3967.0,126.0
31216,12477.0,9083.0,11890.0,637.0,451.0,12387.0,1834.0,4746.0,601.0,98251.0,65443.0,3645.0,127.0
31217,12504.0,1412.0,11380.0,128.0,36.0,12081.0,3985.0,4430.0,1511.0,89243.0,29538.0,2406.0,41.0
31220,9084.0,4939.0,8629.0,259.0,152.0,8914.0,677.0,3462.0,239.0,66925.0,26007.0,1926.0,112.0
31301,3073.0,796.0,2863.0,223.0,71.0,3073.0,910.0,1235.0,225.0,22608.0,30164.0,590.0,48.0
31302,7612.0,6680.0,7090.0,103.0,27.0,7606.0,668.0,2744.0,250.0,67196.0,41563.0,2185.0,107.0
31305,4946.0,2620.0,4719.0,82.0,0.0,4852.0,1407.0,1736.0,354.0,26273.0,26648.0,1217.0,41.0
31308,5270.0,4524.0,4848.0,28.0,28.0,5270.0,862.0,1849.0,315.0,32127.0,6850.0,1388.0,6.0
31312,23679.0,20306.0,22207.0,448.0,155.0,23326.0,3058.0,7674.0,624.0,150219.0,49708.0,6125.0,322.0
31313,40890.0,17792.0,37033.0,3083.0,1210.0,40261.0,6338.0,15131.0,2170.0,207875.0,123389.0,7042.0,142.0
31315,10025.0,5517.0,8326.0,845.0,174.0,8515.0,1415.0,2542.0,223.0,83485.0,50347.0,14.0,0.0
31316,17243.0,11180.0,15811.0,1418.0,517.0,17083.0,2765.0,5173.0,994.0,63302.0,0.0,3421.0,64.0
31320,8219.0,5530.0,7723.0,149.0,0.0,8085.0,1243.0,3192.0,465.0,65616.0,31607.0,2235.0,42.0
31321,4929.0,3461.0,4557.0,36.0,10.0,4914.0,1325.0,1869.0,305.0,32039.0,0.0,1347.0,34.0
31322,20393.0,13813.0,18618.0,931.0,331.0,20181.0,1659.0,7362.0,490.0,73412.0,24430.0,5042.0,202.0
31323,1742.0,278.0,1613.0,80.0,8.0,1742.0,537.0,680.0,194.0,27180.0,0.0,487.0,13.0
31324,23905.0,18751.0,22222.0,1100.0,395.0,23793.0,2322.0,8070.0,646.0,165396.0,31326.0,5446.0,141.0
31326,17919.0,14125.0,16736.0,927.0,385.0,17760.0,1603.0,6279.0,476.0,116213.0,34570.0,4441.0,85.0
31328,3438.0,3331.0,3367.0,98.0,26.0,3328.0,429.0,1406.0,24.0,43491.0,0.0,944.0,0.0
31329,9468.0,7450.0,8711.0,75.0,47.0,9355.0,959.0,3112.0,361.0,61822.0,0.0,2361.0,69.0
31331,8995.0,5992.0,8568.0,112.0,33.0,8995.0,1381.0,3471.0,684.0,72474.0,0.0,2899.0,217.0
31401,17369.0,8322.0,16529.0,668.0,143.0,17169.0,5967.0,7869.0,1408.0,251434.0,76657.0,2618.0,116.0
31402,1902.0,667.0,1671.0,112.0,35.0,894.0,844.0,262.0,230.0,5791.0,0.0,0.0,0.0
31403,2182.0,66.0,1996.0,44.0,11.0,2182.0,729.0,822.0,352.0,20727.0,15809.0,284.0,25.0
31404,30028.0,8526.0,28309.0,843.0,423.0,28188.0,7643.0,10852.0,2401.0,199775.0,115882.0,4730.0,97.0
31405,29606.0,13747.0,27442.0,2105.0,897.0,26927.0,7437.0,10295.0,1851.0,220572.0,40962.0,4695.0,225.0
31406,33316.0,18902.0,31354.0,1530.0,778.0,32719.0,6142.0,12466.0,1674.0,241243.0,151348.0,7038.0,145.0
31407,22500.0,11388.0,20407.0,1539.0,416.0,20456.0,965.0,7857.0,69.0,45980.0,47195.0,4509.0,14.0
31408,5809.0,2551.0,5425.0,269.0,132.0,5758.0,1179.0,2475.0,412.0,60039.0,0.0,801.0,5.0
31410,23777.0,20877.0,22762.0,1080.0,191.0,23703.0,1337.0,9770.0,180.0,211771.0,35284.0,7365.0,142.0
31411,8003.0,7696.0,7841.0,161.0,36.0,7956.0,312.0,3735.0,14.0,127943.0,0.0,3453.0,55.0
31412,1582.0,1360.0,1553.0,89.0,0.0,1150.0,184.0,705.0,6.0,34348.0,0.0,306.0,4.0
31415,14963.0,1087.0,13852.0,359.0,214.0,13761.0,4722.0,5117.0,1575.0,124723.0,114013.0,2002.0,86.0
31416,4150.0,2956.0,3937.0,178.0,74.0,4053.0,634.0,1886.0,223.0,45442.0,0.0,1035.0,46.0
31419,60769.0,33011.0,56074.0,3795.0,1302.0,58674.0,8064.0,22756.0,2744.0,305305.0,185337.0,11855.0,299.0
31421,0.0,0.0,0.0,0.0,0.0,0.0,0.0,0.0,0.0,0.0,0.0,0.0,0.0
31501,14380.0,8308.0,13542.0,142.0,31.0,14116.0,4097.0,6095.0,1666.0,87119.0,44016.0,3392.0,110.0
31503,21291.0,15184.0,19706.0,1045.0,573.0,19050.0,5213.0,7752.0,1762.0,140844.0,84464.0,5114.0,244.0
31510,11251.0,8860.0,10463.0,770.0,379.0,10651.0,1949.0,3871.0,754.0,81772.0,46309.0,2657.0,43.0
31513,16793.0,13053.0,15564.0,1439.0,567.0,16283.0,3356.0,6087.0,1287.0,114477.0,36406.0,4227.0,92.0
31516,16271.0,13909.0,15293.0,618.0,362.0,16126.0,3283.0,5914.0,1225.0,85431.0,34319.0,4486.0,215.0
31519,3270.0,2765.0,3167.0,346.0,141.0,3270.0,615.0,1261.0,293.0,30602.0,40887.0,928.0,85.0
31520,25896.0,11553.0,24194.0,1789.0,976.0,25051.0,7646.0,10123.0,3225.0,112473.0,53698.0,4674.0,148.0
31522,16256.0,15153.0,15638.0,491.0,126.0,15988.0,927.0,7393.0,293.0,165606.0,0.0,5277.0,105.0
31523,9731.0,8030.0,9338.0,532.0,256.0,9731.0,912.0,3736.0,402.0,34676.0,0.0,3012.0,61.0
31525,30740.0,20579.0,28401.0,2143.0,888.0,30364.0,5692.0,11371.0,2072.0,152210.0,21339.0,6797.0,313.0
31532,1661.0,1412.0,1555.0,41.0,39.0,1650.0,283.0,654.0,120.0,30404.0,0.0,530.0,23.0
31533,11126.0,8312.0,10502.0,679.0,316.0,11096.0,2944.0,4221.0,684.0,74331.0,22512.0,2762.0,223.0
31534,4704.0,2204.0,4379.0,317.0,230.0,4695.0,1594.0,1633.0,403.0,29983.0,0.0,792.0,130.0
31535,17920.0,12334.0,16359.0,1808.0,753.0,17219.0,3726.0,5959.0,1231.0,82429.0,0.0,4017.0,395.0
31537,9740.0,5642.0,9266.0,1082.0,699.0,8536.0,1769.0,2518.0,458.0,25707.0,20938.0,1771.0,82.0
31539,13292.0,10251.0,12425.0,1326.0,529.0,13194.0,2796.0,4562.0,1021.0,57593.0,0.0,3318.0,130.0
31542,5345.0,5133.0,4896.0,14.0,0.0,5345.0,1348.0,1888.0,453.0,28837.0,4659.0,1180.0,26.0
31543,6938.0,6578.0,6533.0,63.0,22.0,6938.0,1444.0,2361.0,574.0,24521.0,0.0,2061.0,67.0
31545,12973.0,9440.0,11990.0,511.0,126.0,12558.0,2780.0,4702.0,1114.0,61633.0,57341.0,2684.0,202.0
31546,9295.0,6168.0,8682.0,448.0,254.0,7351.0,1996.0,2606.0,619.0,66224.0,18906.0,1662.0,37.0
31548,12800.0,9054.0,11772.0,339.0,162.0,12800.0,1990.0,4802.0,740.0,59246.0,0.0,2852.0,42.0
31549,3005.0,2063.0,2920.0,179.0,0.0,2929.0,687.0,1307.0,359.0,24026.0,0.0,839.0,13.0
31553,6120.0,5679.0,5804.0,36.0,16.0,5879.0,1054.0,2174.0,447.0,30812.0,27829.0,1857.0,84.0
31554,6022.0,3349.0,5718.0,473.0,229.0,2985.0,739.0,1036.0,189.0,21920.0,14063.0,809.0,74.0
31555,4144.0,3592.0,3877.0,168.0,121.0,4115.0,519.0,1460.0,114.0,33781.0,17232.0,1221.0,20.0
31557,2759.0,2533.0,2569.0,129.0,57.0,2755.0,481.0,1033.0,208.0,34363.0,16667.0,808.0,27.0
31558,31391.0,24074.0,28773.0,1491.0,328.0,29758.0,4032.0,10808.0,1282.0,210415.0,75209.0,5503.0,126.0
31560,3594.0,3201.0,3269.0,94.0,86.0,3592.0,389.0,1248.0,165.0,32574.0,25223.0,988.0,26.0
31562,3228.0,3049.0,3019.0,0.0,0.0,3221.0,651.0,956.0,166.0,34924.0,0.0,817.0,36.0
31563,1617.0,1141.0,1559.0,43.0,0.0,1617.0,338.0,624.0,86.0,25982.0,21250.0,544.0,10.0
31565,2636.0,2104.0,2609.0,162.0,23.0,2636.0,210.0,1170.0,87.0,32676.0,0.0,1013.0,44.0
31569,5265.0,3583.0,4934.0,126.0,64.0,5099.0,797.0,1878.0,283.0,33786.0,27656.0,1478.0,59.0
31601,29880.0,12262.0,27525.0,1222.0,609.0,28855.0,11717.0,10160.0,3537.0,143932.0,62647.0,4228.0,131.0
31602,35934.0,19722.0,33493.0,1144.0,346.0,34691.0,9790.0,13714.0,2645.0,196827.0,36596.0,6104.0,112.0
31603,2507.0,779.0,2412.0,34.0,23.0,2488.0,1166.0,1108.0,427.0,20927.0,0.0,258.0,0.0
31605,17870.0,11830.0,16297.0,847.0,245.0,17811.0,2317.0,6611.0,421.0,118464.0,116547.0,3974.0,160.0
31606,8144.0,6238.0,7672.0,138.0,65.0,8032.0,1442.0,2560.0,340.0,53880.0,24167.0,1961.0,58.0
31620,14906.0,9934.0,13873.0,546.0,274.0,14703.0,3774.0,5192.0,1072.0,74620.0,42662.0,3508.0,320.0
31622,1871.0,1341.0,1826.0,63.0,22.0,1871.0,344.0,640.0,107.0,38259.0,13889.0,539.0,77.0
31624,1426.0,1298.0,1318.0,209.0,136.0,1423.0,474.0,463.0,88.0,32973.0,0.0,395.0,13.0
31626,2730.0,1295.0,2568.0,203.0,133.0,2712.0,583.0,1024.0,182.0,24358.0,0.0,679.0,22.0
31632,15862.0,12609.0,15054.0,416.0,172.0,14758.0,824.0,4888.0,366.0,68299.0,23320.0,3659.0,154.0
31634,6814.0,4570.0,6179.0,145.0,65.0,6708.0,2368.0,2524.0,604.0,58681.0,25896.0,1797.0,38.0
31635,10382.0,7640.0,9640.0,278.0,124.0,10017.0,2827.0,3733.0,875.0,62339.0,19201.0,2372.0,104.0
31636,6265.0,5174.0,5995.0,568.0,404.0,6256.0,1185.0,2290.0,307.0,57477.0,25625.0,1454.0,44.0
31637,2197.0,1918.0,2078.0,96.0,35.0,2184.0,655.0,787.0,155.0,24375.0,0.0,606.0,89.0
31639,9551.0,8196.0,8910.0,235.0,123.0,9373.0,2256.0,3779.0,972.0,77750.0,0.0,2714.0,327.0
31642,4666.0,3278.0,4308.0,917.0,488.0,4637.0,1157.0,1582.0,461.0,24024.0,0.0,1052.0,43.0
31643,8543.0,4230.0,7989.0,294.0,67.0,8446.0,2045.0,3502.0,956.0,82663.0,39791.0,2412.0,62.0
31645,3659.0,3153.0,3402.0,44.0,30.0,3659.0,1052.0,1335.0,248.0,27368.0,9211.0,885.0,177.0
31648,1625.0,1347.0,1557.0,443.0,193.0,1625.0,641.0,622.0,133.0,24066.0,0.0,382.0,5.0
31650,2176.0,1334.0,2011.0,534.0,298.0,2176.0,639.0,672.0,232.0,23444.0,0.0,508.0,46.0
31699,5426.0,3312.0,4970.0,175.0,24.0,4845.0,1048.0,1597.0,182.0,27548.0,0.0,1043.0,61.0
31701,16856.0,2653.0,15472.0,329.0,168.0,16378.0,6580.0,6760.0,2484.0,166623.0,45744.0,2273.0,40.0
31702,1435.0,171.0,1342.0,4.0,0.0,1243.0,725.0,511.0,297.0,20294.0,0.0,126.0,9.0
31705,30434.0,6588.0,28248.0,588.0,241.0,27846.0,11073.0,10252.0,3469.0,193350.0,41929.0,4924.0,247.0
31707,24221.0,8283.0,22675.0,372.0,121.0,23733.0,6665.0,9941.0,2388.0,165803.0,52321.0,3820.0,149.0
31709,17895.0,7640.0,16397.0,1060.0,483.0,16709.0,6290.0,6882.0,1852.0,105381.0,44788.0,3545.0,125.0
31711,1103.0,627.0,1040.0,21.0,0.0,1103.0,207.0,366.0,76.0,26000.0,30417.0,299.0,8.0
31712,1473.0,1224.0,1414.0,0.0,0.0,1473.0,287.0,585.0,124.0,28712.0,0.0,402.0,6.0
31714,5163.0,2105.0,4873.0,339.0,206.0,5092.0,1578.0,2055.0,649.0,22006.0,0.0,1363.0,127.0
31716,3295.0,2051.0,3057.0,0.0,0.0,3281.0,946.0,1205.0,324.0,23712.0,0.0,859.0,5.0
31719,6582.0,1638.0,6375.0,55.0,35.0,5954.0,2236.0,2308.0,834.0,25000.0,0.0,1236.0,16.0
31721,19380.0,8020.0,17972.0,319.0,82.0,19250.0,1939.0,7692.0,950.0,169176.0,65237.0,4947.0,286.0
31730,10185.0,3888.0,9569.0,390.0,257.0,8010.0,2861.0,3114.0,1156.0,50374.0,0.0,2101.0,43.0
31735,2857.0,1690.0,2626.0,194.0,31.0,2772.0,596.0,1097.0,250.0,26582.0,18125.0,705.0,18.0
31738,2333.0,1715.0,2073.0,54.0,28.0,2333.0,432.0,895.0,204.0,28103.0,15938.0,620.0,8.0
31744,4975.0,3989.0,4628.0,77.0,54.0,4951.0,973.0,1798.0,339.0,57078.0,11827.0,1328.0,78.0
31749,3905.0,3310.0,3686.0,473.0,234.0,3905.0,1159.0,1354.0,275.0,25075.0,0.0,920.0,153.0
31750,17405.0,10427.0,16163.0,730.0,201.0,16989.0,5948.0,6452.0,1629.0,144226.0,43702.0,3935.0,595.0
31757,10768.0,7912.0,10181.0,491.0,137.0,10336.0,1669.0,4277.0,689.0,61370.0,23235.0,2569.0,78.0
31763,27532.0,21036.0,25784.0,721.0,266.0,26428.0,2982.0,9519.0,1011.0,155279.0,47312.0,7058.0,321.0
31765,1188.0,590.0,1115.0,117.0,58.0,1188.0,383.0,494.0,147.0,23482.0,0.0,345.0,4.0
31768,17680.0,9319.0,16347.0,2842.0,1743.0,17549.0,5484.0,5734.0,1761.0,79247.0,34610.0,3265.0,257.0
31771,5294.0,4101.0,5064.0,973.0,607.0,5294.0,864.0,1693.0,308.0,21632.0,13750.0,1258.0,96.0
31773,3908.0,3390.0,3737.0,33.0,18.0,3908.0,785.0,1490.0,325.0,28900.0,17500.0,1172.0,2.0
31774,9365.0,6458.0,8866.0,96.0,41.0,8908.0,2217.0,3279.0,617.0,54488.0,18988.0,2383.0,391.0
31775,2570.0,2163.0,2362.0,884.0,386.0,2558.0,893.0,947.0,180.0,21580.0,2499.0,618.0,85.0
31778,3597.0,2640.0,3423.0,469.0,249.0,3595.0,727.0,1543.0,277.0,54488.0,0.0,1055.0,19.0
31779,11227.0,7062.0,10607.0,235.0,160.0,11016.0,2623.0,4565.0,975.0,86285.0,65589.0,2927.0,149.0
31780,2633.0,1500.0,2512.0,31.0,4.0,2459.0,420.0,1045.0,229.0,28352.0,0.0,743.0,39.0
31787,1602.0,806.0,1499.0,29.0,14.0,1569.0,352.0,607.0,202.0,26612.0,0.0,468.0,12.0
31788,20183.0,15055.0,18577.0,3110.0,1604.0,19546.0,4337.0,6924.0,1416.0,108011.0,78667.0,4311.0,192.0
31789,4379.0,3570.0,4169.0,4.0,0.0,4379.0,681.0,1604.0,297.0,29603.0,33750.0,1242.0,81.0
31790,2988.0,2454.0,2779.0,36.0,22.0,2710.0,579.0,1016.0,110.0,32087.0,18750.0,778.0,114.0
31791,11582.0,6939.0,10721.0,295.0,97.0,11425.0,2239.0,4467.0,1251.0,52815.0,22385.0,2859.0,57.0
31792,21965.0,10654.0,20427.0,357.0,20.0,21455.0,5092.0,8208.0,2050.0,116594.0,55015.0,4475.0,129.0
31793,10274.0,8050.0,9836.0,492.0,32.0,8644.0,1811.0,3321.0,196.0,64814.0,52786.0,1812.0,327.0
31794,24926.0,13696.0,23149.0,2423.0,388.0,24599.0,7487.0,9106.0,2278.0,138740.0,11497.0,4982.0,665.0
31795,2921.0,2096.0,2793.0,73.0,13.0,2915.0,447.0,1077.0,167.0,28969.0,25694.0,916.0,120.0
31796,2897.0,2177.0,2795.0,42.0,8.0,2897.0,564.0,1033.0,203.0,23050.0,0.0,783.0,9.0
31801,5557.0,4452.0,5374.0,83.0,24.0,5488.0,1135.0,2181.0,402.0,57774.0,4896.0,1931.0,57.0
31803,4755.0,1536.0,4417.0,300.0,144.0,4668.0,1468.0,1565.0,530.0,27956.0,28382.0,898.0,13.0
31804,6383.0,5642.0,6115.0,297.0,55.0,6366.0,189.0,2082.0,120.0,34632.0,0.0,1948.0,15.0
31805,3301.0,2068.0,3202.0,127.0,39.0,2684.0,521.0,1076.0,275.0,28703.0,0.0,764.0,8.0
31806,5089.0,3600.0,4848.0,171.0,71.0,5089.0,1113.0,1895.0,522.0,60513.0,29958.0,1260.0,87.0
31808,9102.0,7500.0,8830.0,193.0,21.0,8902.0,730.0,3343.0,191.0,36659.0,26357.0,2869.0,145.0
31815,3886.0,983.0,3693.0,934.0,741.0,2222.0,1014.0,939.0,294.0,26829.0,0.0,556.0,0.0
31816,5447.0,3018.0,5196.0,0.0,0.0,5354.0,1614.0,2089.0,701.0,25301.0,0.0,1149.0,15.0
31820,8026.0,5411.0,7627.0,514.0,81.0,8026.0,363.0,2992.0,78.0,49636.0,0.0,2485.0,16.0
31822,8078.0,5913.0,7633.0,233.0,40.0,8013.0,1079.0,3094.0,334.0,70567.0,9213.0,2332.0,41.0
31824,2672.0,1319.0,2554.0,48.0,41.0,2659.0,596.0,1025.0,246.0,55792.0,0.0,831.0,13.0
31825,1905.0,706.0,1845.0,16.0,14.0,1801.0,652.0,836.0,287.0,24280.0,0.0,553.0,22.0
31826,6217.0,4222.0,5938.0,34.0,19.0,6088.0,996.0,2245.0,361.0,56711.0,47285.0,1827.0,51.0
31827,2376.0,751.0,2263.0,61.0,20.0,2357.0,549.0,989.0,272.0,27095.0,19408.0,761.0,37.0
31830,3641.0,2050.0,3423.0,50.0,20.0,3424.0,960.0,1289.0,278.0,27153.0,2499.0,894.0,18.0
31831,8436.0,6464.0,7962.0,74.0,47.0,8338.0,490.0,2924.0,253.0,34429.0,40504.0,2481.0,40.0
31833,6117.0,3383.0,5727.0,38.0,21.0,6029.0,1445.0,2295.0,510.0,26872.0,0.0,1205.0,0.0
31901,6832.0,2828.0,6297.0,211.0,83.0,6221.0,3038.0,3002.0,1353.0,82473.0,0.0,544.0,0.0
31903,18920.0,3430.0,17209.0,1896.0,1334.0,18850.0,7666.0,6799.0,2584.0,121644.0,44856.0,2254.0,104.0
31904,34710.0,23416.0,32178.0,1754.0,833.0,34404.0,7154.0,13739.0,2487.0,349641.0,117766.0,6893.0,74.0
31905,17641.0,11818.0,16041.0,1755.0,461.0,10118.0,709.0,2774.0,82.0,103139.0,28875.0,7.0,0.0
31906,22742.0,6704.0,21041.0,352.0,150.0,22714.0,7032.0,9231.0,2455.0,241784.0,70499.0,3769.0,188.0
31907,61344.0,17248.0,57847.0,2022.0,617.0,58045.0,10682.0,21743.0,4363.0,307414.0,234216.0,12142.0,258.0
31909,35976.0,24104.0,32573.0,1772.0,410.0,35746.0,3624.0,13999.0,897.0,209219.0,84398.0,7552.0,78.0
31995,2693.0,2051.0,2252.0,201.0,39.0,2693.0,391.0,672.0,20.0,27021.0,0.0,9.0,0.0
39815,2803.0,708.0,2661.0,75.0,5.0,2803.0,777.0,1046.0,255.0,29792.0,23519.0,711.0,77.0
39817,4777.0,1616.0,4283.0,49.0,0.0,4777.0,2297.0,1805.0,727.0,26055.0,14125.0,830.0,79.0
39818,6623.0,3062.0,6313.0,100.0,71.0,5506.0,1496.0,2277.0,366.0,24389.0,25784.0,1242.0,121.0
39819,6956.0,4215.0,6490.0,348.0,106.0,6841.0,1007.0,2855.0,513.0,66509.0,0.0,1685.0,147.0
39823,9123.0,4328.0,8555.0,59.0,13.0,8943.0,2788.0,3544.0,917.0,112942.0,28050.0,2248.0,173.0
39825,2563.0,2024.0,2383.0,49.0,39.0,2563.0,669.0,1075.0,269.0,32750.0,18750.0,678.0,48.0
39828,20291.0,12628.0,18715.0,2055.0,1169.0,20135.0,6274.0,7292.0,1966.0,107157.0,34614.0,4147.0,109.0
39834,3515.0,2724.0,3283.0,21.0,0.0,3515.0,639.0,1380.0,181.0,28519.0,30652.0,1111.0,49.0
39837,5911.0,4064.0,5554.0,10.0,0.0,5731.0,1441.0,2251.0,544.0,78034.0,52902.0,1538.0,173.0
39840,5657.0,1649.0,4974.0,38.0,0.0,5474.0,1582.0,2221.0,628.0,23833.0,0.0,1155.0,138.0
39841,1357.0,587.0,1240.0,0.0,0.0,1357.0,428.0,479.0,107.0,29632.0,28382.0,348.0,45.0
39842,9132.0,3339.0,8507.0,47.0,8.0,8793.0,3053.0,3312.0,945.0,106495.0,0.0,1957.0,117.0
39845,8696.0,5428.0,8200.0,100.0,20.0,8590.0,1639.0,3312.0,746.0,86342.0,31286.0,2463.0,200.0
39846,3062.0,933.0,2865.0,84.0,25.0,2994.0,1208.0,1219.0,360.0,24366.0,11250.0,730.0,15.0
39851,3068.0,900.0,2851.0,68.0,0.0,3012.0,1199.0,1160.0,428.0,20000.0,17250.0,743.0,6.0
39854,2095.0,1031.0,2037.0,0.0,0.0,2095.0,538.0,916.0,248.0,24491.0,0.0,678.0,17.0
39862,4459.0,1999.0,4405.0,278.0,77.0,2636.0,342.0,1135.0,188.0,55564.0,23333.0,912.0,64.0
39870,2172.0,1042.0,2083.0,98.0,24.0,2172.0,448.0,826.0,150.0,34479.0,0.0,550.0,103.0
39886,1567.0,917.0,1480.0,11.0,0.0,1567.0,436.0,598.0,132.0,27992.0,18173.0,469.0,11.0
39897,2925.0,2129.0,2824.0,3.0,0.0,2710.0,718.0,1030.0,128.0,28372.0,0.0,721.0,25.0
