TRACT,ZIP_CODE
022005,30002
022100,30002
023000,30002
023102,30002
023113,30002
090502,30004
090802,30004
130304,30004
130305,30004
130601,30004
130602,30004
130603,30004
011416,30004
011503,30004
011504,30004
011505,30004
011610,30004
011614,30004
011615,30004
011616,30004
130602,30005
130603,30005
130604,30005
130606,30005
011618,30005
011619,30005
011620,30005
011621,30005
011624,30005
011626,30005
030902,30008
030904,30008
030905,30008
031002,30008
031005,30008
031106,30008
031405,30008
031406,30008
031507,30008
011421,30009
011503,30009
011610,30009
011611,30009
011614,30009
011615,30009
011616,30009
180103,30011
180104,30011
180105,30011
180106,30011
180107,30011
180108,30011
050607,30011
050609,30011
050610,30011
023303,30012
060101,30012
060102,30012
060201,30012
060304,30012
060308,30012
060309,30012
110506,30012
100100,30013
100501,30013
100903,30013
060102,30013
060304,30013
060305,30013
060306,30013
060307,30013
060308,30013
060404,30013
060406,30013
060407,30013
010200,30014
100100,30014
100201,30014
100202,30014
100300,30014
100400,30014
100501,30014
100502,30014
100600,30014
100700,30014
100800,30014
110602,30014
100501,30016
100502,30016
100600,30016
100700,30016
100800,30016
100901,30016
100902,30016
100903,30016
060407,30016
050720,30017
050721,30017
050724,30017
050727,30017
050605,30019
050607,30019
050608,30019
050609,30019
050610,30019
110100,30019
021805,30021
022001,30021
022004,30021
022005,30021
022007,30021
022008,30021
022009,30021
022010,30021
022100,30021
011410,30022
011412,30022
011414,30022
011424,30022
011425,30022
011426,30022
011427,30022
011611,30022
011612,30022
011613,30022
011617,30022
011618,30022
011619,30022
011620,30022
011621,30022
011623,30022
011625,30022
130606,30024
130608,30024
130609,30024
130610,30024
130611,30024
130612,30024
011622,30024
050108,30024
050109,30024
050208,30024
050210,30024
050212,30024
050213,30024
050214,30024
050216,30024
050525,30024
050529,30024
050530,30024
050549,30024
100202,30025
110200,30025
110700,30025
110800,30025
090501,30028
130101,30028
130201,30028
130202,30028
130203,30028
130204,30028
130205,30028
130301,30028
130303,30028
130403,30028
022203,30030
022301,30030
022403,30030
022500,30030
022600,30030
022700,30030
022800,30030
022900,30030
023000,30030
020802,30032
022005,30032
022900,30032
023101,30032
023102,30032
023107,30032
023108,30032
023112,30032
023113,30032
023114,30032
023115,30032
023501,30032
023504,30032
023505,30032
023506,30032
023601,30032
023602,30032
023603,30032
023700,30032
021504,30033
021602,30033
021603,30033
021604,30033
021703,30033
021704,30033
022001,30033
022203,30033
022204,30033
022301,30033
022302,30033
022402,30033
022600,30033
023410,30034
023411,30034
023412,30034
023413,30034
023414,30034
023421,30034
023422,30034
023423,30034
023424,30034
023425,30034
023426,30034
023803,30034
023108,30035
023111,30035
023206,30035
023211,30035
023212,30035
023213,30035
023214,30035
023506,30035
023507,30035
023416,30038
023418,30038
023426,30038
023427,30038
023428,30038
023315,30039
050709,30039
050714,30039
050715,30039
050719,30039
050722,30039
050723,30039
050725,30039
050728,30039
050729,30039
090501,30040
090502,30040
130202,30040
130203,30040
130205,30040
130301,30040
130302,30040
130304,30040
130305,30040
130306,30040
130307,30040
130403,30040
130404,30040
130405,30040
130406,30040
130408,30040
130409,30040
130410,30040
130509,30040
130601,30040
130603,30040
130101,30041
130102,30041
130103,30041
130105,30041
130204,30041
130205,30041
130503,30041
130504,30041
130505,30041
130506,30041
130507,30041
130508,30041
130509,30041
130510,30041
130603,30041
130604,30041
130605,30041
130606,30041
130607,30041
130609,30041
130612,30041
130613,30041
050208,30043
050511,30043
050523,30043
050525,30043
050527,30043
050528,30043
050529,30043
050530,30043
050538,30043
050540,30043
050547,30043
050548,30043
050549,30043
050605,30043
050607,30043
050427,30044
050436,30044
050524,30044
050526,30044
050531,30044
050532,30044
050533,30044
050534,30044
050535,30044
050536,30044
050537,30044
050539,30044
050541,30044
050542,30044
050544,30044
050712,30044
050713,30044
050718,30044
050543,30045
050544,30045
050545,30045
050546,30045
050548,30045
050608,30045
050720,30045
050724,30045
050726,30045
050727,30045
050520,30046
050521,30046
050522,30046
050523,30046
050536,30046
050543,30046
050544,30046
050545,30046
050546,30046
050548,30046
050727,30046
050410,30047
050415,30047
050422,30047
050423,30047
050424,30047
050425,30047
050426,30047
050427,30047
050428,30047
050429,30047
050430,30047
050431,30047
050432,30047
050435,30047
050436,30047
050712,30047
050714,30047
050715,30047
050729,30047
050721,30052
050724,30052
050726,30052
050727,30052
050728,30052
050730,30052
050731,30052
100100,30052
060102,30052
110503,30052
110504,30052
110505,30052
110506,30052
110507,30052
110508,30052
110601,30052
110603,30052
100100,30054
100400,30054
110602,30054
110603,30054
010200,30055
010200,30055
100201,30055
100202,30055
010100,30056
010200,30056
010500,30056
100201,30056
100202,30056
023212,30058
023303,30058
023306,30058
023309,30058
023310,30058
023311,30058
023312,30058
023313,30058
023314,30058
023315,30058
023316,30058
060101,30058
030412,30060
030601,30060
030602,30060
030700,30060
030800,30060
030902,30060
031001,30060
031002,30060
031004,30060
031005,30060
031106,30060
031113,30060
031115,30060
030314,30062
030322,30062
030327,30062
030328,30062
030329,30062
030330,30062
030331,30062
030332,30062
030333,30062
030334,30062
030335,30062
030336,30062
030342,30062
030343,30062
030405,30062
030410,30062
030502,30062
030504,30062
030505,30062
030506,30062
030601,30062
030602,30062
030700,30062
030209,30064
030230,30064
030231,30064
030232,30064
030233,30064
030235,30064
030239,30064
030602,30064
030901,30064
030902,30064
030904,30064
030905,30064
031405,30064
031503,30064
031507,30064
030228,30066
030310,30066
030311,30066
030312,30066
030313,30066
030314,30066
030322,30066
030324,30066
030326,30066
030340,30066
030341,30066
030502,30066
030506,30066
030507,30066
030601,30066
030318,30067
030320,30067
030344,30067
030345,30067
030405,30067
030407,30067
030408,30067
030411,30067
030412,30067
030413,30067
030414,30067
030319,30068
030333,30068
030334,30068
030336,30068
030337,30068
030405,30068
030407,30068
030409,30068
030410,30068
100600,30070
050304,30071
050306,30071
050309,30071
050311,30071
050313,30071
050314,30071
050319,30071
050320,30071
021909,30072
090902,30075
030326,30075
030328,30075
030335,30075
030342,30075
030343,30075
011405,30075
011417,30075
011418,30075
011419,30075
011422,30075
011423,30075
011503,30075
011505,30075
011506,30075
011405,30076
011410,30076
011411,30076
011412,30076
011416,30076
011417,30076
011420,30076
011421,30076
011427,30076
011611,30076
050713,30078
050715,30078
050718,30078
050719,30078
050720,30078
050721,30078
050725,30078
050728,30078
050730,30078
022001,30079
022100,30079
022203,30079
022204,30079
030345,30080
031001,30080
031004,30080
031101,30080
031108,30080
031110,30080
031111,30080
031112,30080
031113,30080
031114,30080
031116,30080
031118,30080
031205,30080
031206,30080
031208,30080
031209,30080
031004,30082
031106,30082
031115,30082
031116,30082
031117,30082
031118,30082
031205,30082
031206,30082
031307,30082
021805,30083
021806,30083
021906,30083
021907,30083
021908,30083
021909,30083
021910,30083
021911,30083
021913,30083
022004,30083
022005,30083
022008,30083
023111,30083
023113,30083
023114,30083
023204,30083
023206,30083
021703,30084
021704,30084
021805,30084
021806,30084
021809,30084
021810,30084
021812,30084
021814,30084
021910,30084
022001,30084
050418,30084
050431,30084
050432,30084
050433,30084
050434,30084
021806,30087
021907,30087
021912,30087
023306,30087
023311,30087
023312,30087
023316,30087
050415,30087
050416,30087
050426,30087
050429,30087
050430,30087
050431,30087
021906,30088
021907,30088
023204,30088
023206,30088
023208,30088
023209,30088
023210,30088
023211,30088
023212,30088
023312,30088
023314,30088
010108,30092
050304,30092
050308,30092
050309,30092
050310,30092
050315,30092
050317,30092
050318,30092
050321,30092
050322,30092
050417,30093
050418,30093
050419,30093
050421,30093
050422,30093
050423,30093
050424,30093
050431,30093
050432,30093
050434,30093
023418,30094
060201,30094
060202,30094
060304,30094
060403,30094
060404,30094
060405,30094
060406,30094
060407,30094
050205,30096
050209,30096
050211,30096
050214,30096
050215,30096
050217,30096
050218,30096
050219,30096
050220,30096
050309,30096
050313,30096
050314,30096
050511,30096
050526,30096
050537,30096
050541,30096
050542,30096
130608,30097
130610,30097
011612,30097
011622,30097
011623,30097
011625,30097
011626,30097
050212,30097
050214,30097
050215,30097
050216,30097
050217,30097
050308,30097
050309,30097
960802,30101
960803,30101
091103,30101
030101,30101
030103,30101
030104,30101
030106,30101
030107,30101
030219,30101
030226,30101
030236,30101
030238,30101
030239,30101
120101,30101
120103,30101
960801,30102
960802,30102
091003,30102
091101,30102
091102,30102
091103,30102
030107,30102
030222,30102
030223,30102
030310,30102
960101,30103
960102,30103
960200,30103
960300,30103
000100,30103
970700,30103
970800,30103
970900,30103
961000,30104
001701,30104
001702,30104
010100,30104
010600,30104
010100,30105
000202,30105
031106,30106
031306,30106
031404,30106
031405,30106
031406,30106
031408,30106
031409,30106
080103,30106
090100,30107
090400,30107
090501,30107
130201,30107
050600,30107
910300,30108
910400,30108
911200,30108
970200,30108
910200,30110
910300,30110
010100,30110
010301,30110
010302,30110
010400,30110
010100,30113
010200,30113
010301,30113
010302,30113
010400,30113
090100,30114
090200,30114
090300,30114
090400,30114
090501,30114
090502,30114
090601,30114
090602,30114
090701,30114
090501,30115
090502,30115
090601,30115
090602,30115
090702,30115
090802,30115
090803,30115
090804,30115
910103,30116
910200,30116
910600,30116
910701,30116
910702,30116
910703,30116
910800,30116
910900,30116
911000,30116
910200,30117
910300,30117
910400,30117
910501,30117
910502,30117
910600,30117
910701,30117
910703,30117
910900,30117
911000,30117
911100,30117
911200,30117
910501,30118
960300,30120
960401,30120
960402,30120
960500,30120
960600,30120
960700,30120
960803,30120
960901,30120
960902,30120
961000,30120
960102,30121
960200,30121
960401,30121
960402,30121
960500,30121
960700,30121
960801,30121
960802,30121
960803,30121
080102,30122
080103,30122
080201,30122
080202,30122
080602,30122
002000,30124
001701,30125
010100,30125
010200,30125
010300,30125
010400,30125
010500,30125
010600,30125
031106,30126
031205,30126
031306,30126
031307,30126
031308,30126
031309,30126
031311,30126
031312,30126
031313,30126
031404,30126
030209,30127
030232,30127
030234,30127
030235,30127
030238,30127
030239,30127
031405,30127
031408,30127
031409,30127
031503,30127
031505,30127
031506,30127
031507,30127
031508,30127
031509,30127
120601,30127
120603,30127
120604,30127
120101,30132
120102,30132
120103,30132
120104,30132
120204,30132
120301,30132
120302,30132
120400,30132
080201,30134
080301,30134
080303,30134
080304,30134
080403,30134
080404,30134
080505,30134
120503,30134
120601,30134
120602,30134
120604,30134
120605,30134
080202,30135
080402,30135
080505,30135
080506,30135
080507,30135
080508,30135
080509,30135
080510,30135
080511,30135
080602,30135
080603,30135
080604,30135
960803,30137
960101,30139
970100,30139
970900,30139
050400,30139
031509,30141
120202,30141
120302,30141
120501,30141
120502,30141
120503,30141
120603,30141
120604,30141
090100,30143
090200,30143
970100,30143
050100,30143
050200,30143
050300,30143
050400,30143
050500,30143
050600,30143
030103,30144
030220,30144
030222,30144
030223,30144
030224,30144
030226,30144
030227,30144
030228,30144
030229,30144
030310,30144
030311,30144
030313,30144
030601,30144
960200,30145
960300,30145
961000,30145
000100,30145
000700,30145
001701,30147
001800,30147
002000,30147
010200,30147
970100,30148
050100,30148
050600,30148
000300,30149
030101,30152
030214,30152
030215,30152
030218,30152
030219,30152
030224,30152
030227,30152
030229,30152
030230,30152
030231,30152
030238,30152
030239,30152
010100,30153
120104,30153
120400,30153
010100,30153
010500,30153
010600,30153
010700,30153
030234,30157
030238,30157
120102,30157
120202,30157
120203,30157
120204,30157
120302,30157
120303,30157
120400,30157
120501,30157
120502,30157
120605,30157
961000,30161
000100,30161
000600,30161
000700,30161
000800,30161
000900,30161
001100,30161
001600,30161
001702,30161
001800,30161
002000,30161
002100,30161
100800,30164
955701,30165
010600,30165
000201,30165
000202,30165
000300,30165
000400,30165
000500,30165
001100,30165
001200,30165
001300,30165
001400,30165
031306,30168
031308,30168
031309,30168
031310,30168
031311,30168
031408,30168
031409,30168
080102,30168
080103,30168
910900,30170
911200,30170
970200,30170
960101,30171
960102,30171
970900,30171
001701,30173
001702,30173
001800,30173
010200,30173
080400,30175
080500,30175
050100,30175
050200,30175
050300,30175
050400,30175
010200,30176
010302,30176
010400,30176
050600,30177
961000,30178
120104,30178
010100,30178
910103,30179
910200,30179
010100,30179
010301,30179
010400,30179
120400,30179
910101,30180
910103,30180
910104,30180
910200,30180
910702,30180
080402,30180
080403,30180
080404,30180
120400,30180
120605,30180
910300,30182
910400,30182
010400,30182
960101,30183
090200,30183
050400,30183
960102,30184
960402,30184
960700,30184
090200,30184
090300,30184
910701,30185
910800,30185
080402,30185
080402,30187
080403,30187
080404,30187
080505,30187
080506,30187
090701,30188
090702,30188
090802,30188
090803,30188
090804,30188
090901,30188
090902,30188
090904,30188
090905,30188
091001,30188
030310,30188
030324,30188
091003,30189
091005,30189
091006,30189
091007,30189
091008,30189
091101,30189
091102,30189
970100,30204
970200,30204
970300,30204
050101,30204
050200,30204
010100,30204
140501,30205
140502,30205
160600,30205
010100,30206
010200,30206
010300,30206
010400,30206
010301,30213
010400,30213
010510,30213
010513,30213
010514,30213
010515,30213
140101,30214
140102,30214
140204,30214
140206,30214
140304,30214
140305,30214
140403,30214
140404,30214
140405,30214
140406,30214
140407,30214
040608,30215
140304,30215
140305,30215
140307,30215
140404,30215
140405,30215
140407,30215
140408,30215
140501,30215
140502,30215
150100,30216
150200,30216
970100,30217
970200,30217
970300,30217
960202,30217
970700,30218
970800,30218
170801,30220
170802,30220
970700,30220
970600,30222
970700,30222
970800,30222
160100,30223
160200,30223
160300,30223
160400,30223
160500,30223
160600,30223
160700,30223
160800,30223
160900,30223
161000,30223
161100,30223
161200,30223
970100,30224
010100,30224
160200,30224
160600,30224
160700,30224
160900,30224
161000,30224
161100,30224
161200,30224
040606,30228
040608,30228
040621,30228
070305,30228
070306,30228
070501,30228
070502,30228
160100,30228
170801,30230
970100,30230
970700,30230
960100,30230
960201,30230
960502,30230
150100,30233
150200,30233
150300,30233
070402,30233
970100,30233
050101,30233
100800,30233
150300,30234
070403,30234
040202,30236
040412,30236
040414,30236
040415,30236
040416,30236
040417,30236
040524,30236
040606,30236
040609,30236
040611,30236
040612,30236
040613,30236
040614,30236
040615,30236
040616,30236
040619,30236
040620,30236
070104,30236
040516,30238
040518,30238
040525,30238
040526,30238
040612,30238
040619,30238
040620,30238
040621,30238
040622,30238
140102,30238
140406,30238
960201,30240
960202,30240
960300,30240
960400,30240
960600,30240
960700,30240
960800,30240
960901,30240
960902,30240
961000,30240
960100,30241
960201,30241
960400,30241
960501,30241
960502,30241
960600,30241
960700,30241
961100,30241
150300,30248
070402,30248
070403,30248
070404,30248
070502,30248
160200,30248
040606,30250
970700,30251
070202,30252
070203,30252
070204,30252
070205,30252
070304,30252
070307,30252
070402,30252
070403,30252
070404,30252
060405,30252
070205,30253
070304,30253
070305,30253
070306,30253
070307,30253
070309,30253
070310,30253
070311,30253
070404,30253
070502,30253
010400,30256
010202,30256
970100,30257
010100,30257
010300,30258
010400,30258
010202,30258
010300,30258
170802,30259
040307,30260
040308,30260
040407,30260
040408,30260
040409,30260
040412,30260
040413,30260
040416,30260
040417,30260
040616,30260
170100,30263
170200,30263
170303,30263
170304,30263
170305,30263
170403,30263
170501,30263
170601,30263
170603,30263
170700,30263
170801,30263
170802,30263
970100,30263
170304,30265
170305,30265
170306,30265
170402,30265
170403,30265
170404,30265
170405,30265
170406,30265
170602,30265
170603,30265
170303,30268
170402,30268
170403,30268
010400,30268
010510,30268
010514,30268
140206,30269
140207,30269
140208,30269
140303,30269
140304,30269
140306,30269
140307,30269
040411,30273
040413,30273
040616,30273
070106,30273
070108,30273
070109,30273
040415,30274
040510,30274
040512,30274
040513,30274
040514,30274
040515,30274
040516,30274
040518,30274
040519,30274
040521,30274
040522,30274
040523,30274
040524,30274
040611,30274
170100,30275
170501,30276
170502,30276
170503,30276
140307,30276
140502,30276
970700,30276
170402,30277
170404,30277
170405,30277
170406,30277
170501,30277
170603,30277
170802,30277
040616,30281
040617,30281
070104,30281
070106,30281
070107,30281
070108,30281
070109,30281
070110,30281
070111,30281
070113,30281
070114,30281
070204,30281
070205,30281
070305,30281
070309,30281
060403,30281
060405,30281
160100,30284
970300,30285
010400,30285
010100,30285
010100,30286
010201,30286
010202,30286
010300,30286
010400,30286
010500,30286
010600,30286
040303,30288
040410,30288
023423,30288
023424,30288
170501,30289
140203,30290
140204,30290
140206,30290
140208,30290
010510,30291
010511,30291
010512,30291
010513,30291
010515,30291
010100,30292
010200,30292
010300,30292
160600,30292
160700,30292
161200,30292
970500,30293
970600,30293
970800,30293
040407,30294
040409,30294
040410,30294
040411,30294
023419,30294
023422,30294
023423,30294
023424,30294
070107,30294
070108,30294
060403,30294
970100,30295
010100,30295
010400,30295
040509,30296
040510,30296
040512,30296
040513,30296
040514,30296
010508,30296
010515,30296
010516,30296
040202,30297
040302,30297
040303,30297
040306,30297
040307,30297
040308,30297
040407,30297
040410,30297
040414,30297
040416,30297
001800,30303
001900,30303
002100,30303
002800,30303
003500,30303
004400,30303
011900,30303
012000,30303
009000,30305
009300,30305
009501,30305
009502,30305
009601,30305
009602,30305
009603,30305
009801,30305
009802,30305
009900,30305
010001,30305
020100,30306
020200,30306
021502,30306
021504,30306
022401,30306
022403,30306
000100,30306
000200,30306
001400,30306
001500,30306
001600,30306
020200,30307
020300,30307
020400,30307
020500,30307
020600,30307
022401,30307
022402,30307
022403,30307
001500,30307
001600,30307
003000,30307
003100,30307
001001,30308
001201,30308
001202,30308
001300,30308
001700,30308
001800,30308
001900,30308
002800,30308
000400,30309
000500,30309
001001,30309
001100,30309
001201,30309
001202,30309
001300,30309
008902,30309
009101,30309
009102,30309
009200,30309
003900,30310
004000,30310
004100,30310
004200,30310
004300,30310
004400,30310
005700,30310
005800,30310
006000,30310
006100,30310
006200,30310
006300,30310
006500,30310
006601,30310
006602,30310
007500,30310
007603,30310
008000,30310
008101,30310
008102,30310
006100,30311
007602,30311
007603,30311
007604,30311
007704,30311
007705,30311
007807,30311
007808,30311
007900,30311
008000,30311
008101,30311
008102,30311
008201,30311
001700,30312
001800,30312
002800,30312
002900,30312
003200,30312
003500,30312
004400,30312
004800,30312
004900,30312
005000,30312
005200,30312
005300,30312
005700,30312
006900,30312
011900,30312
012000,30312
001002,30313
001900,30313
002100,30313
002600,30313
003500,30313
003600,30313
004300,30313
002300,30314
002400,30314
002500,30314
002600,30314
003600,30314
003700,30314
003800,30314
003900,30314
004000,30314
004300,30314
008102,30314
008301,30314
008302,30314
008400,30314
011800,30314
023802,30315
005300,30315
005501,30315
005502,30315
006300,30315
006400,30315
006700,30315
006801,30315
006802,30315
006900,30315
007001,30315
007002,30315
007100,30315
007300,30315
007400,30315
007500,30315
011100,30315
012000,30315
020500,30316
020802,30316
020900,30316
023423,30316
023700,30316
023801,30316
023802,30316
023803,30316
003100,30316
003200,30316
005000,30316
005200,30316
006900,30316
020500,30317
020600,30317
020700,30317
020801,30317
020802,30317
020900,30317
022900,30317
023101,30317
023601,30317
023700,30317
980000,30317
003100,30317
000500,30318
000600,30318
000700,30318
001001,30318
001002,30318
002300,30318
007807,30318
008201,30318
008301,30318
008400,30318
008500,30318
008601,30318
008602,30318
008700,30318
008800,30318
008902,30318
008903,30318
008904,30318
009000,30318
011800,30318
021101,30319
021102,30319
021202,30319
021209,30319
021405,30319
021411,30319
021412,30319
021413,30319
021415,30319
021416,30319
021417,30319
009404,30319
009602,30319
010002,30319
010115,30319
022402,30322
021415,30324
021502,30324
000100,30324
000200,30324
009102,30324
009200,30324
009402,30324
009403,30324
009404,30324
009403,30326
009602,30326
010001,30326
010002,30326
008904,30327
009700,30327
009801,30327
009802,30327
009900,30327
010206,30327
010211,30327
010212,30327
010110,30328
010117,30328
010121,30328
010122,30328
010123,30328
010204,30328
010205,30328
010210,30328
021410,30329
021413,30329
021414,30329
021415,30329
021417,30329
021502,30329
021503,30329
021504,30329
021603,30329
021604,30329
021605,30329
022402,30329
007703,30331
007705,30331
007706,30331
007802,30331
007805,30331
007806,30331
007807,30331
007808,30331
007900,30331
008202,30331
008602,30331
010301,30331
010303,30331
010304,30331
000600,30332
001002,30332
003500,30334
007805,30336
008202,30336
010303,30336
980000,30337
010507,30337
010601,30337
010603,30337
010604,30337
011305,30337
012300,30337
980000,30337
021210,30338
021211,30338
021213,30338
021214,30338
021215,30338
021216,30338
021217,30338
021218,30338
021305,30338
021306,30338
010110,30338
010122,30338
030320,30339
030339,30339
030344,30339
030345,30339
031205,30339
031207,30339
031208,30339
031211,30339
031212,30339
010206,30339
021301,30340
021303,30340
021306,30340
021307,30340
021705,30340
021808,30340
021809,30340
021812,30340
021813,30340
021814,30340
050304,30340
050306,30340
021202,30341
021204,30341
021208,30341
021209,30341
021301,30341
021307,30341
021308,30341
021409,30341
021410,30341
021412,30341
021705,30341
021706,30341
021808,30341
021809,30341
021810,30341
009802,30342
009900,30342
010001,30342
010002,30342
010113,30342
010114,30342
010115,30342
010211,30342
010212,30342
007705,30344
010800,30344
011000,30344
011100,30344
011201,30344
011202,30344
011301,30344
011303,30344
011305,30344
011306,30344
012300,30344
021409,30345
021410,30345
021412,30345
021604,30345
021605,30345
021703,30345
021706,30345
021810,30345
021215,30346
021216,30346
040202,30349
040203,30349
040204,30349
040509,30349
040510,30349
040519,30349
040520,30349
010301,30349
010304,30349
010507,30349
010508,30349
010510,30349
010511,30349
010512,30349
010513,30349
010514,30349
010516,30349
010604,30349
011306,30349
021213,30350
021214,30350
010106,30350
010107,30350
010108,30350
010117,30350
010118,30350
010119,30350
010120,30350
010122,30350
010208,30350
010209,30350
010210,30350
040308,30354
007001,30354
007200,30354
007300,30354
007400,30354
010800,30354
012300,30354
980000,30354
021211,30360
021217,30360
021301,30360
021305,30360
021306,30360
050304,30360
050315,30360
000500,30363
000600,30363
970100,30401
970200,30401
970300,30401
970400,30401
970500,30401
970600,30401
950100,30410
950200,30410
950300,30410
951400,30411
950100,30411
780100,30411
780200,30411
950300,30412
960300,30413
960400,30413
960100,30413
950500,30413
110700,30415
110900,30415
110800,30417
970100,30417
970200,30417
970300,30417
950100,30417
950201,30417
950200,30420
950100,30420
950100,30421
950201,30421
950202,30421
970300,30423
110100,30425
970100,30425
970200,30425
960200,30425
950700,30426
970200,30426
970200,30427
970100,30427
950300,30427
950400,30427
951400,30428
780100,30428
780200,30428
970200,30429
950900,30434
960100,30434
960200,30434
960300,30434
970100,30436
970600,30436
950202,30436
970100,30436
970200,30436
970400,30436
970500,30436
970600,30436
950201,30438
950100,30439
950200,30439
950300,30439
970100,30439
950900,30441
970200,30441
970300,30441
960200,30441
950900,30442
960100,30442
960200,30442
950100,30445
950200,30445
950300,30445
030100,30446
970500,30446
970600,30448
970500,30449
110100,30450
950300,30451
110800,30452
950201,30453
950202,30453
950300,30453
950400,30453
951000,30454
970300,30455
970600,30455
950500,30456
950700,30456
970600,30457
951000,30457
950100,30457
960100,30457
960200,30457
110100,30458
110200,30458
110300,30458
110401,30458
110403,30458
110404,30458
110500,30458
110601,30458
110602,30458
110700,30458
110800,30458
110900,30458
110404,30460
110100,30461
110200,30461
110500,30461
110601,30461
110602,30461
110700,30461
970100,30464
970200,30467
970300,30467
970400,30467
970500,30467
970600,30467
950100,30470
960100,30470
960200,30470
110100,30471
970100,30471
970200,30471
970300,30471
970600,30471
950300,30473
970600,30473
970600,30474
950100,30474
950200,30474
950300,30474
970200,30474
970300,30474
970400,30474
970500,30474
970600,30474
960100,30474
960200,30474
970200,30475
960300,30477
960400,30477
000102,30501
000400,30501
000500,30501
000600,30501
000800,30501
000900,30501
001003,30501
001004,30501
001101,30501
001102,30501
001201,30501
001301,30501
001002,30504
001003,30504
001004,30504
001101,30504
001102,30504
001301,30504
001402,30504
001403,30504
130101,30506
130102,30506
130103,30506
130104,30506
130503,30506
000201,30506
000203,30506
000204,30506
000302,30506
000303,30506
000304,30506
000305,30506
000400,30506
000500,30506
000102,30507
000600,30507
000701,30507
000702,30507
001201,30507
001202,30507
001301,30507
001302,30507
001403,30507
970100,30510
970200,30510
000601,30510
000602,30510
000101,30510
970100,30511
000602,30511
970400,30511
050500,30512
000101,30512
000102,30512
000201,30512
000203,30512
000204,30512
000205,30512
050200,30513
050300,30513
050400,30513
050500,30513
080100,30513
080200,30513
960100,30516
960200,30516
180103,30517
050609,30517
001302,30517
001603,30517
001608,30517
010102,30517
010103,30517
050103,30518
050105,30518
050106,30518
050107,30518
050108,30518
050109,30518
050212,30518
050213,30518
001502,30518
001607,30518
050105,30519
050106,30519
050208,30519
050605,30519
050606,30519
050609,30519
050610,30519
001605,30519
001607,30519
001608,30519
890101,30520
890400,30520
960200,30520
960300,30520
960400,30520
970100,30521
970200,30521
890200,30521
890300,30521
050300,30522
050400,30522
050500,30522
080100,30522
080200,30522
000100,30523
000201,30523
000202,30523
000300,30523
000500,30523
970301,30523
970100,30525
970201,30525
970202,30525
970301,30525
970302,30525
000201,30527
000203,30527
000204,30527
960102,30528
950201,30528
950202,30528
950203,30528
950300,30528
970200,30529
970300,30529
970400,30529
010200,30529
010300,30529
010400,30529
010500,30529
010701,30529
010702,30529
970200,30530
970400,30530
890200,30530
890300,30530
010300,30530
010400,30530
010500,30530
020100,30530
000400,30531
000500,30531
000601,30531
000602,30531
000101,30531
970100,30533
000303,30533
000305,30533
960101,30533
960102,30533
960201,30533
960202,30533
950201,30533
090100,30534
970100,30534
970201,30534
970202,30534
130101,30534
130103,30534
130204,30534
960201,30534
050600,30534
000201,30535
000300,30535
000500,30535
000602,30535
970100,30536
080100,30536
080300,30536
080500,30536
970100,30537
970202,30537
890200,30538
970200,30538
970302,30538
970400,30538
080200,30540
080300,30540
080400,30540
050200,30541
050300,30541
001301,30542
001302,30542
001402,30542
001404,30542
001501,30542
001502,30542
001603,30542
001604,30542
001605,30542
001606,30542
001607,30542
001608,30542
970300,30543
000101,30543
000102,30543
000701,30543
000702,30543
010101,30543
010200,30543
950100,30545
950203,30545
960100,30546
960200,30546
960300,30546
970100,30547
970200,30547
970400,30547
180103,30548
180105,30548
050609,30548
050610,30548
001608,30548
010101,30548
010102,30548
010703,30548
010101,30549
010102,30549
010200,30549
010500,30549
010600,30549
010701,30549
010702,30549
010703,30549
970301,30552
970302,30552
890101,30553
890102,30553
890400,30553
960100,30553
960200,30553
970100,30554
970200,30554
970300,30554
000101,30554
000102,30554
000201,30554
050200,30555
050300,30555
890102,30557
890200,30557
970200,30557
970400,30557
970200,30558
970300,30558
010200,30558
010300,30558
050100,30559
050200,30559
050100,30560
050500,30560
000101,30560
970100,30562
000100,30563
000300,30563
000400,30563
000500,30563
000203,30564
000303,30564
000305,30564
960101,30564
950201,30564
010500,30565
020100,30565
020500,30565
001402,30566
001403,30566
001404,30566
001201,30567
010101,30567
010103,30567
010200,30567
970100,30568
950100,30571
950202,30571
950203,30571
050500,30572
000201,30572
000100,30573
970301,30573
970302,30573
001202,30575
010101,30575
970201,30576
970301,30576
970302,30576
970100,30577
890200,30577
000100,30577
970100,30577
970200,30577
970301,30577
970302,30577
970400,30577
970301,30581
970302,30581
960100,30582
000102,30582
000100,30601
000402,30601
000600,30601
001900,30601
030100,30601
030200,30601
130300,30601
140300,30601
140400,30601
140500,30601
140600,30601
010500,30601
020400,30601
020500,30601
000401,30602
000402,30602
150400,30602
000401,30605
000402,30605
000600,30605
002100,30605
002200,30605
030200,30605
140500,30605
140600,30605
150400,30605
150500,30605
150600,30605
150700,30605
150800,30605
150900,30605
030500,30605
000600,30606
000900,30606
001200,30606
001700,30606
001800,30606
001900,30606
002000,30606
002100,30606
002200,30606
130400,30606
130500,30606
130600,30606
130700,30606
150300,30606
150400,30606
030200,30606
030100,30607
130300,30607
130400,30607
130500,30607
140300,30607
010500,30607
010600,30607
000402,30609
030500,30619
960201,30619
960300,30619
180501,30620
180502,30620
180503,30620
050608,30620
110100,30620
010100,30621
030300,30621
030400,30621
030600,30621
180402,30622
130500,30622
130600,30622
130700,30622
010600,30622
030100,30622
030200,30622
030300,30622
010100,30623
000100,30624
960300,30624
960400,30624
020600,30624
010400,30625
960102,30625
960201,30625
020300,30627
960100,30627
960202,30627
020300,30628
020400,30628
020500,30628
960201,30628
960202,30628
020200,30629
020300,30629
960202,30629
960201,30630
960202,30630
010200,30631
010102,30631
970400,30633
890300,30633
020100,30633
020200,30633
020300,30633
020400,30633
020500,30633
020600,30633
000100,30634
000200,30634
000300,30634
960400,30634
960500,30634
000200,30635
000300,30635
000400,30635
000500,30635
960500,30635
010100,30641
110200,30641
950100,30642
950200,30642
950301,30642
950302,30642
950303,30642
950400,30642
950500,30642
960100,30643
960200,30643
960400,30643
960500,30643
140400,30646
020100,30646
020400,30646
020500,30646
960100,30648
960202,30648
960300,30648
950100,30650
010100,30650
010200,30650
010300,30650
010400,30650
010500,30650
110200,30650
110200,30655
110300,30655
110400,30655
110503,30655
110508,30655
110601,30655
110602,30655
110700,30655
110800,30655
180502,30656
110100,30656
110200,30656
110300,30656
110400,30656
110503,30656
960300,30660
010102,30660
000100,30662
890200,30662
890300,30662
890400,30662
960300,30662
020600,30662
010200,30663
010500,30663
010200,30664
950400,30665
180401,30666
180402,30666
180502,30666
010600,30666
030100,30666
960300,30667
970100,30668
010101,30668
010102,30668
950100,30669
950200,30669
960300,30669
010200,30669
010101,30673
010102,30673
010301,30673
010302,30673
950100,30677
030100,30677
030200,30677
030300,30677
030400,30677
030500,30677
030600,30677
950400,30678
950500,30678
480400,30678
010200,30678
180103,30680
180104,30680
180105,30680
180107,30680
180108,30680
180203,30680
180204,30680
180205,30680
180206,30680
180301,30680
180302,30680
180303,30680
180401,30680
180402,30680
180501,30680
180502,30680
010703,30680
030100,30680
140500,30683
140600,30683
150900,30683
960201,30683
000202,30701
970100,30701
970200,30701
970300,30701
970400,30701
970500,30701
970600,30701
970700,30701
970800,30701
970900,30701
010201,30705
010202,30705
010300,30705
010400,30705
010500,30705
010600,30705
010700,30705
030401,30707
030700,30707
020100,30707
020302,30707
020501,30707
020502,30707
020601,30707
020800,30707
010100,30708
030100,30710
000101,30710
000102,30710
010100,30711
010201,30711
000102,30720
000302,30720
000501,30720
000502,30720
000800,30720
000900,30720
001200,30720
001400,30720
001500,30720
010700,30721
000101,30721
000102,30721
000200,30721
000301,30721
000302,30721
000400,30721
000501,30721
000502,30721
000800,30721
001000,30721
001100,30721
001200,30721
001300,30721
001500,30721
020301,30725
020302,30725
020502,30725
030402,30726
020601,30728
020602,30728
020700,30728
020800,30728
020901,30728
020902,30728
010300,30730
010600,30730
010300,30731
010400,30731
040102,30731
040300,30731
020800,30731
000100,30733
970700,30733
970100,30734
970900,30734
050400,30734
970100,30735
970200,30735
010700,30735
000800,30735
001500,30735
030100,30736
030201,30736
030202,30736
030301,30736
030303,30736
030304,30736
030401,30736
030402,30736
030700,30736
020601,30736
000700,30736
040101,30738
040102,30738
040300,30738
020400,30738
020800,30738
030304,30739
030401,30739
020601,30739
020602,30739
020902,30740
000600,30740
000700,30740
000800,30740
030500,30741
030600,30741
030700,30741
020100,30741
020200,30741
020301,30741
020302,30741
020501,30741
020502,30741
030500,30742
030600,30742
030700,30742
020100,30742
970200,30746
010100,30747
010200,30747
010300,30747
010400,30747
010500,30747
010600,30747
020902,30747
040101,30750
040300,30750
020400,30750
010100,30751
040101,30752
040102,30752
040200,30752
010200,30753
010300,30753
010500,30753
020901,30753
030100,30755
000102,30755
000302,30755
000501,30755
000600,30755
000700,30755
000800,30755
000102,30756
040101,30757
030401,30802
030402,30802
030504,30802
950100,30802
960200,30803
960300,30803
950200,30805
010903,30805
010904,30805
970500,30807
950200,30808
950400,30808
950500,30808
030102,30809
030103,30809
030105,30809
030201,30809
030304,30809
030306,30809
030307,30809
030308,30809
030309,30809
030603,30809
010100,30810
960200,30810
970400,30810
970500,30810
010706,30812
030302,30813
030306,30813
030402,30813
030503,30813
030505,30813
030506,30813
010204,30813
010800,30813
030503,30814
030504,30814
950500,30814
950100,30815
950200,30815
010707,30815
010708,30815
010709,30815
010710,30815
010711,30815
010712,30815
010800,30815
010903,30815
010904,30815
010905,30815
010906,30815
950100,30816
950200,30816
950400,30816
950900,30816
960100,30816
970100,30817
970200,30817
010301,30817
010302,30817
960100,30818
010100,30820
970500,30820
950100,30820
970400,30821
970500,30821
960100,30822
010100,30823
960100,30823
960200,30823
960300,30823
970400,30823
950100,30824
950200,30824
950300,30824
950400,30824
950500,30824
970500,30824
010100,30828
970400,30828
970500,30828
950100,30830
950400,30830
950500,30830
950700,30830
950900,30830
960100,30833
000300,30901
000600,30901
000700,30901
000900,30901
001000,30901
001300,30901
001400,30901
001500,30901
010300,30901
010400,30901
010600,30901
011000,30901
030302,30903
000100,30904
000200,30904
000300,30904
001000,30904
001100,30904
001200,30904
001300,30904
010101,30904
010106,30904
010300,30904
010504,30904
010507,30904
010800,30905
010300,30906
010400,30906
010504,30906
010506,30906
010507,30906
010508,30906
010509,30906
010510,30906
010511,30906
010512,30906
010513,30906
010600,30906
010706,30906
010709,30906
010710,30906
010905,30906
010906,30906
030102,30907
030105,30907
030106,30907
030201,30907
030202,30907
030203,30907
030302,30907
030306,30907
030603,30907
010104,30907
010105,30907
010201,30907
010203,30907
010204,30907
030505,30909
000100,30909
001100,30909
001601,30909
001602,30909
010101,30909
010104,30909
010106,30909
010107,30909
010201,30909
010203,30909
010204,30909
010504,30909
010507,30909
000900,30912
011000,30912
960100,31001
960200,31001
960400,31001
970500,31002
960100,31002
950100,31002
951000,31002
960100,31002
960400,31003
021103,31005
021107,31005
021108,31005
950100,31006
950300,31006
970100,31007
970200,31007
070201,31008
070202,31008
020106,31008
020109,31008
021104,31008
021113,31008
040101,31008
040102,31008
040200,31008
951100,31009
951400,31009
960300,31011
960400,31011
960500,31011
790100,31012
960100,31012
960200,31012
790100,31014
790200,31014
790300,31014
960100,31014
960300,31014
060200,31014
010100,31015
010201,31015
010202,31015
010300,31015
010400,31015
010500,31015
960300,31015
070100,31016
970200,31016
050301,31016
010600,31016
790100,31017
060100,31017
060200,31017
960400,31017
950400,31018
950500,31018
950600,31019
950700,31019
951100,31019
951400,31019
013302,31020
013900,31020
060100,31020
060200,31020
950201,31021
950202,31021
950300,31021
950400,31021
950500,31021
950600,31021
950700,31021
950800,31021
950900,31021
951100,31021
951400,31021
790100,31022
950202,31022
950600,31022
950700,31022
960100,31023
960200,31023
960300,31023
960400,31023
960500,31023
960600,31023
950100,31023
960101,31024
960102,31024
960201,31024
960202,31024
960300,31024
021500,31025
950100,31027
951000,31027
020108,31028
020109,31028
020200,31028
021104,31028
150100,31029
050101,31029
050102,31029
050200,31029
050301,31029
050302,31029
070201,31030
070202,31030
021201,31030
000100,31030
040101,31030
040200,31030
040301,31030
040302,31030
040400,31030
970800,31031
030302,31031
060100,31031
960200,31031
960300,31031
030101,31032
030103,31032
030200,31032
030301,31032
030302,31032
970800,31033
030200,31033
030302,31033
950500,31035
021500,31036
950100,31036
950200,31036
950300,31036
960500,31037
950100,31037
780200,31037
010500,31038
030200,31038
950300,31039
000200,31041
960200,31042
960400,31042
060100,31044
060200,31044
960200,31044
960400,31044
480400,31045
970500,31045
030200,31046
050102,31046
050302,31046
021103,31047
021108,31047
021201,31047
021400,31047
021500,31047
970400,31049
970500,31049
960100,31049
070100,31050
070201,31050
970200,31051
013603,31052
013604,31052
013606,31052
070201,31052
960200,31054
960300,31054
960400,31054
950100,31055
950200,31055
950500,31055
000100,31057
000400,31057
920100,31058
950300,31058
960500,31060
960600,31060
950100,31060
950200,31060
950500,31060
970100,31061
970200,31061
970300,31061
970400,31061
970500,31061
970600,31061
970701,31061
970702,31061
970800,31061
480300,31061
030200,31061
960300,31061
960200,31061
970701,31062
970702,31062
970100,31063
970200,31063
000100,31063
000400,31063
010100,31064
010200,31064
010500,31064
790100,31065
950202,31065
950600,31065
013606,31066
070100,31066
070201,31066
050301,31066
950700,31067
000200,31068
000300,31068
021201,31069
021202,31069
021300,31069
021400,31069
021500,31069
040200,31069
970100,31070
970200,31070
970300,31070
950300,31071
960200,31071
010100,31072
010300,31072
960200,31072
960300,31072
951100,31075
951400,31075
000200,31076
950100,31076
950200,31076
950300,31076
960600,31077
950200,31077
070100,31078
070201,31078
070202,31078
960200,31079
960200,31079
960300,31079
960400,31079
950300,31081
970100,31082
950100,31082
950300,31082
950400,31082
950500,31082
950700,31082
950100,31083
780200,31083
960300,31084
010100,31085
010200,31085
970100,31087
480300,31087
480400,31087
950100,31087
020400,31088
020700,31088
020800,31088
020900,31088
021000,31088
021103,31088
021104,31088
021105,31088
021107,31088
021113,31088
021201,31088
960300,31089
950300,31089
950500,31089
950700,31089
960200,31090
960400,31090
970100,31091
970300,31091
021500,31091
950300,31091
010100,31092
010202,31092
970100,31092
970200,31092
970300,31092
020105,31093
020106,31093
020108,31093
020109,31093
020200,31093
020300,31093
020400,31093
020600,31093
020800,31093
020900,31093
021000,31093
021104,31093
950100,31094
950300,31094
950400,31094
960100,31096
960200,31096
960300,31096
950500,31096
970200,31097
050301,31097
010100,31097
010600,31097
020600,31098
020700,31098
020800,31098
010100,31201
010200,31201
010300,31201
010500,31201
010800,31201
011500,31201
011900,31201
013700,31201
013900,31201
010100,31204
010200,31204
010300,31204
010400,31204
010500,31204
011800,31204
011900,31204
012000,31204
012200,31204
012300,31204
012400,31204
012500,31204
012600,31204
012700,31204
013201,31204
013202,31204
011500,31206
012500,31206
012600,31206
012700,31206
012800,31206
012900,31206
013101,31206
013102,31206
013201,31206
013202,31206
013603,31206
013604,31206
013606,31206
013900,31206
010500,31207
011800,31210
012101,31210
012102,31210
012200,31210
012400,31210
013201,31210
013407,31210
013408,31210
013410,31210
013411,31210
050301,31210
050302,31210
011000,31211
011100,31211
011701,31211
011702,31211
013800,31211
030101,31211
030103,31211
030104,31211
030302,31211
010800,31213
013502,31216
013503,31216
013504,31216
013603,31216
013604,31216
013606,31216
011100,31217
011702,31217
013302,31217
013800,31217
013900,31217
030104,31217
030302,31217
060100,31217
060200,31217
013409,31220
013605,31220
013606,31220
050301,31220
010204,31301
010400,31301
010600,31301
970200,31301
010801,31302
010802,31302
030401,31302
030402,31302
030100,31303
030202,31303
110200,31304
110200,31305
110300,31305
030401,31307
920101,31308
920102,31308
110900,31308
010400,31309
010502,31309
030100,31312
030203,31312
030204,31312
030301,31312
030401,31312
030402,31312
010102,31313
010202,31313
010204,31313
010205,31313
010206,31313
010207,31313
010208,31313
010300,31313
010400,31313
970100,31313
970200,31313
010102,31314
010103,31314
010206,31314
010101,31315
010102,31315
010103,31315
970100,31316
970200,31316
030401,31318
010400,31320
010501,31320
010502,31320
010600,31320
920101,31321
920102,31321
110900,31321
010700,31322
010801,31322
010802,31322
010803,31322
010400,31323
010502,31323
010600,31323
970200,31323
110100,31323
920301,31324
920303,31324
920305,31324
920306,31324
030203,31326
030301,31326
030303,31326
030304,31326
030305,31326
110200,31327
011103,31328
030100,31329
030202,31329
030203,31329
030204,31329
110100,31331
110200,31331
110300,31331
980000,31331
000100,31401
000300,31401
000601,31401
000900,31401
001100,31401
001200,31401
001500,31401
002000,31401
002100,31401
002600,31401
002700,31401
010101,31401
010605,31401
011200,31401
011300,31401
011400,31401
001100,31404
002100,31404
002200,31404
002700,31404
003000,31404
003400,31404
003501,31404
003502,31404
003601,31404
003602,31404
003700,31404
003800,31404
010101,31404
010102,31404
011107,31404
002300,31405
002600,31405
002700,31405
002800,31405
002900,31405
003000,31405
003400,31405
004001,31405
004300,31405
004400,31405
004500,31405
010501,31405
010502,31405
010808,31405
010809,31405
011400,31405
003502,31406
003800,31406
003900,31406
004001,31406
004002,31406
004100,31406
004207,31406
004208,31406
004209,31406
004210,31406
004300,31406
010102,31406
010200,31406
011003,31406
011004,31406
010700,31407
010501,31408
010601,31408
010603,31408
010700,31408
010803,31408
011600,31408
980000,31408
004300,31409
011104,31410
011106,31410
011107,31410
011108,31410
011109,31410
011005,31411
011006,31411
000100,31415
000601,31415
001200,31415
002300,31415
003301,31415
003302,31415
010501,31415
011200,31415
011300,31415
011600,31415
980000,31415
004208,31419
004209,31419
004211,31419
004212,31419
010802,31419
010806,31419
010807,31419
010808,31419
010809,31419
010901,31419
011500,31419
950200,31501
950300,31501
950400,31501
950500,31501
950600,31501
950700,31501
950800,31501
950900,31501
960300,31503
950100,31503
950200,31503
950300,31503
950600,31503
950800,31503
950900,31503
970100,31510
970201,31510
970202,31510
960100,31510
960200,31510
960300,31510
010100,31512
010600,31512
950100,31513
950200,31513
950300,31513
950400,31513
950500,31513
960100,31513
960100,31516
960200,31516
960300,31516
960400,31516
950400,31518
960200,31518
970400,31518
010100,31519
010200,31519
010500,31519
010600,31519
960300,31519
000501,31520
000600,31520
000700,31520
000800,31520
000900,31520
000101,31522
000102,31522
000200,31522
000300,31522
000403,31522
000401,31523
000600,31523
001000,31523
000404,31524
000401,31525
000403,31525
000404,31525
000503,31525
000504,31525
000600,31525
000700,31525
001000,31527
960300,31532
010200,31533
010300,31533
010400,31533
010500,31533
010600,31533
010700,31533
010801,31533
010802,31533
010500,31535
010600,31535
010700,31535
010801,31535
010802,31535
010302,31537
010100,31537
010200,31537
950500,31539
960100,31539
960200,31539
960300,31539
960300,31542
960100,31543
960200,31543
001000,31543
970400,31543
970600,31543
950200,31544
950500,31544
970100,31545
970200,31545
970300,31545
970400,31545
970600,31545
970300,31546
970500,31546
970600,31546
010500,31547
010301,31548
010302,31548
010401,31548
010402,31548
010403,31548
950100,31549
950500,31549
780100,31549
950200,31550
950800,31550
970100,31551
960200,31551
960300,31552
010300,31552
950100,31552
950200,31552
960200,31553
960300,31553
010100,31553
970201,31554
970202,31554
010200,31554
010300,31554
010400,31554
010802,31554
950100,31554
950100,31555
950400,31555
970100,31555
970200,31555
970300,31555
970400,31555
960100,31556
960200,31557
960100,31557
960200,31557
960400,31557
010401,31558
010402,31558
010403,31558
010500,31558
010601,31558
010602,31558
970100,31560
970400,31560
000300,31561
010200,31562
950100,31563
950200,31563
950400,31563
950500,31563
010100,31565
960100,31566
001000,31566
010200,31567
010100,31568
010200,31569
010302,31569
010500,31601
010604,31601
010800,31601
010900,31601
011000,31601
011301,31601
011302,31601
011401,31601
011402,31601
011403,31601
011500,31601
960300,31602
010201,31602
010202,31602
010301,31602
010302,31602
010401,31602
010402,31602
010500,31602
010601,31602
010604,31602
011100,31602
011200,31602
011301,31602
011401,31602
010101,31605
010102,31605
010103,31605
010301,31605
010604,31605
010700,31605
010700,31606
011500,31606
960100,31620
960200,31620
960300,31620
960400,31620
970100,31622
970200,31622
970300,31622
970400,31622
970100,31623
960200,31624
960300,31624
010801,31624
010802,31624
950200,31624
960300,31625
960200,31626
960600,31626
960400,31626
961000,31626
961100,31626
960400,31627
960200,31629
960600,31629
970100,31630
970200,31630
880100,31630
010100,31631
970200,31631
880100,31631
950800,31631
960400,31632
010101,31632
010201,31632
010202,31632
970100,31634
970200,31634
960100,31635
970100,31635
950100,31635
950200,31635
880100,31636
880200,31636
010700,31636
011403,31636
011500,31636
011600,31636
970200,31637
970100,31637
960100,31637
960900,31637
960300,31638
960400,31638
970200,31639
970300,31639
970400,31639
970500,31639
970600,31639
950200,31639
950200,31641
010700,31641
960100,31642
960200,31642
960300,31642
970100,31642
960200,31643
960300,31643
960400,31643
960500,31643
960600,31643
970600,31645
950200,31645
010101,31645
010102,31645
960100,31647
960200,31647
960300,31647
880100,31648
950100,31649
960100,31650
960200,31650
010600,31650
010700,31650
011100,31698
010102,31699
000400,31701
000600,31701
000700,31701
000800,31701
000900,31701
001100,31701
001403,31701
001500,31701
010500,31701
010601,31701
010602,31701
011300,31701
011400,31701
020100,31701
000100,31705
000200,31705
010302,31705
010700,31705
010900,31705
011000,31705
011200,31705
011600,31705
090100,31705
950100,31705
950500,31705
950600,31705
000400,31707
000501,31707
000502,31707
000600,31707
000900,31707
001000,31707
001100,31707
010401,31707
010402,31707
010403,31707
010500,31707
020402,31707
020403,31707
950100,31709
950200,31709
950300,31709
950500,31709
950600,31709
950700,31709
950800,31709
000300,31711
950100,31711
010201,31712
010300,31712
010500,31712
970200,31714
970300,31714
950100,31714
950400,31714
090100,31716
090200,31716
090300,31716
950200,31719
950300,31719
950400,31719
950500,31719
960200,31720
960400,31720
960100,31721
000501,31721
010401,31721
010402,31721
010403,31721
010500,31721
010602,31721
020403,31721
120500,31721
970500,31722
970100,31730
090100,31730
090200,31730
090300,31730
090400,31730
090500,31730
950100,31733
960100,31733
970300,31733
950800,31735
970600,31738
970900,31738
960300,31738
960400,31738
020100,31743
950800,31743
970200,31744
970900,31744
090100,31744
950600,31744
970500,31747
970200,31749
950200,31749
960500,31749
960100,31750
960200,31750
960300,31750
960400,31750
960500,31750
950100,31750
950200,31750
960100,31750
970200,31756
970900,31756
960200,31757
960300,31757
960400,31757
960500,31757
960700,31757
961000,31757
961100,31757
011300,31763
020100,31763
020200,31763
020300,31763
020402,31763
020403,31763
020100,31764
020200,31764
950100,31764
950800,31764
970900,31765
090200,31765
960100,31765
970100,31768
970200,31768
970300,31768
970400,31768
970600,31768
970701,31768
970702,31768
970800,31768
970900,31768
970100,31771
970300,31771
970400,31771
970500,31771
950400,31771
950100,31772
950100,31773
950400,31773
960100,31773
960200,31773
950100,31774
950200,31774
970100,31775
960800,31775
950400,31775
960200,31778
970600,31778
960400,31778
950100,31779
090200,31779
090400,31779
090500,31779
950400,31780
950500,31780
960100,31780
950100,31781
950200,31781
950400,31781
950500,31781
960200,31783
950100,31783
970300,31783
090200,31784
020200,31787
950400,31787
950500,31787
950800,31787
970400,31788
970500,31788
970600,31788
970701,31788
950400,31789
970300,31790
011200,31791
950100,31791
950200,31791
950400,31791
950500,31791
950600,31791
950600,31792
960200,31792
960500,31792
960600,31792
960700,31792
960800,31792
960900,31792
961000,31792
960100,31793
960200,31793
960300,31793
960700,31793
960800,31793
960900,31793
970200,31794
960100,31794
960300,31794
960400,31794
960500,31794
960600,31794
960700,31794
960900,31794
960200,31795
950400,31795
950100,31796
960100,31798
010100,31798
010600,31798
950200,31798
920100,31801
010107,31801
960300,31801
920100,31803
920200,31803
960200,31803
960100,31803
120300,31804
120401,31804
120402,31804
020100,31805
020203,31805
020206,31805
950400,31805
000200,31806
960100,31806
960200,31806
120401,31807
120402,31807
120300,31808
120401,31808
010201,31808
010203,31808
010301,31808
960300,31810
120198,31811
120200,31811
120300,31811
120401,31811
120402,31811
960200,31812
960300,31812
950100,31812
950300,31812
950400,31814
950100,31815
950400,31815
970500,31816
970600,31816
960100,31816
120401,31820
120402,31820
010104,31820
010106,31820
010107,31820
010203,31820
950400,31821
120198,31822
120200,31822
970600,31822
961100,31822
120200,31823
960100,31824
960200,31824
950100,31825
960100,31825
960200,31825
120200,31826
120402,31826
960100,31826
960200,31827
960300,31827
120402,31829
010107,31829
120198,31830
970500,31830
970600,31830
120200,31831
120402,31831
960100,31831
960200,31831
960200,31832
120198,31833
120300,31833
960902,31833
961000,31833
961100,31833
960100,31836
001200,31901
001600,31901
001800,31901
002400,31901
002500,31901
002700,31901
011100,31901
011200,31901
002700,31903
002902,31903
003000,31903
003200,31903
003301,31903
003302,31903
003400,31903
010703,31903
010802,31903
011500,31903
000200,31904
000300,31904
000400,31904
000800,31904
000900,31904
001400,31904
001600,31904
010201,31904
010301,31904
010302,31904
010402,31904
011100,31904
011400,31904
030902,31905
020201,31905
020203,31905
020205,31905
020206,31905
010801,31905
010802,31905
001100,31906
001200,31906
002000,31906
002200,31906
002300,31906
002400,31906
002800,31906
002901,31906
002902,31906
001000,31907
002100,31907
010104,31907
010501,31907
010502,31907
010602,31907
010605,31907
010606,31907
010607,31907
010608,31907
010701,31907
010702,31907
010703,31907
000200,31909
001000,31909
010106,31909
010107,31909
010203,31909
010204,31909
010205,31909
010302,31909
010401,31909
010402,31909
010501,31909
960200,39813
950100,39813
950200,39813
090100,39813
970100,39815
970800,39815
970100,39817
970200,39817
970300,39817
970400,39817
970100,39819
970300,39819
970400,39819
970600,39819
970700,39819
970800,39819
090100,39823
090200,39823
090300,39823
090400,39823
090500,39823
950300,39823
960300,39824
090200,39824
970200,39825
200100,39825
120200,39826
950100,39827
950200,39827
950300,39827
950400,39827
950200,39828
950300,39828
950400,39828
950500,39828
950600,39828
970100,39834
970800,39834
960300,39836
790200,39836
960200,39837
970200,39837
090100,39837
090400,39837
950100,39837
950200,39837
950300,39837
790100,39840
790200,39840
960200,39841
090100,39841
950100,39841
950100,39842
120200,39842
120300,39842
120400,39842
120500,39842
090500,39845
950300,39845
200100,39845
200200,39845
200300,39845
950100,39846
950200,39846
960300,39846
960300,39851
960300,39854
960300,39854
950300,39859
200100,39859
200200,39859
090500,39861
200300,39861
960200,39862
950100,39862
950100,39866
960300,39867
960300,39867
790100,39867
790200,39867
960100,39870
960200,39870
120200,39877
960200,39877
120500,39885
950100,39886
790100,39886
120200,39886
970100,39897
950100,39897
950200,39897
950600,39897
