TRACT,ZIP
13001950100,31513
13001950200,31513
13001950300,31513
13001950400,31563
13001950500,31513
13003960100,31650
13003960200,31642
13003960300,31624
13005970100,31510
13005970201,31510
13005970202,31510
13007960100,39870
13007960200,39862
13009970100,31061
13009970200,31061
13009970300,31061
13009970400,31061
13009970500,31061
13009970600,31061
13009970701,31061
13009970702,31061
13009970800,31061
13011970100,30511
13011970200,30547
13011970300,30558
13011970400,30530
13013180103,30548
13013180104,30011
13013180105,30011
13013180106,30011
13013180107,30680
13013180108,30011
13013180203,30680
13013180204,30680
13013180205,30680
13013180206,30680
13013180301,30680
13013180302,30680
13013180303,30680
13013180401,30680
13013180402,30666
13013180501,30680
13013180502,30620
13013180503,30620
13015960101,30171
13015960102,30184
13015960200,30103
13015960300,30120
13015960401,30121
13015960402,30121
13015960500,30120
13015960600,30120
13015960700,30120
13015960801,30102
13015960802,30102
13015960803,30137
13015960901,30120
13015960902,30120
13015961000,30178
13017960100,31750
13017960200,31750
13017960300,31750
13017960400,31750
13017960500,31750
13019970100,31622
13019970200,31749
13019970300,31639
13019970400,31639
13019970500,31639
13019970600,31645
13021010100,31201
13021010200,31204
13021010300,31203
13021010400,31204
13021010500,31201
13021010800,31201
13021011000,31211
13021011100,31217
13021011500,31201
13021011701,31211
13021011702,31217
13021011800,31204
13021011900,31204
13021012000,31204
13021012101,31210
13021012102,31210
13021012200,31204
13021012300,31204
13021012400,31204
13021012500,31204
13021012600,31206
13021012700,31206
13021012800,31206
13021012900,31206
13021013101,31206
13021013102,31206
13021013201,31204
13021013202,31206
13021013302,31217
13021013407,31210
13021013408,31210
13021013409,31220
13021013410,31210
13021013411,31210
13021013502,31216
13021013503,31216
13021013504,31216
13021013603,31206
13021013604,31052
13021013605,31220
13021013606,31052
13021013700,31201
13021013800,31217
13021013900,31206
13023790100,31014
13023790200,31014
13023790300,31014
13025960100,31543
13025960200,31553
13025960300,31542
13027960200,31778
13027960300,31602
13027960400,31643
13027960500,31643
13027960600,31643
13029920101,31308
13029920102,31321
13029920301,31324
13029920303,31324
13029920305,31324
13029920306,31324
13029980000,31321
13031110100,30450
13031110200,30461
13031110300,30458
13031110401,30458
13031110403,30458
13031110404,30458
13031110500,30458
13031110601,30461
13031110602,30461
13031110700,30415
13031110800,30452
13031110900,30415
13033950100,30830
13033950200,30815
13033950400,30830
13033950500,30830
13033950700,30456
13033950900,30441
13035150100,30233
13035150200,30233
13035150300,30233
13037950100,39862
13037950200,39846
13039010100,31565
13039010200,31569
13039010301,31548
13039010302,31548
13039010401,31558
13039010402,31558
13039010403,31558
13039010500,31558
13039010601,31558
13039010602,31558
13043950100,30439
13043950200,30439
13043950300,30439
13045910101,30180
13045910103,30180
13045910104,30180
13045910200,30179
13045910300,30117
13045910400,30108
13045910501,30117
13045910502,30117
13045910600,30117
13045910701,30116
13045910702,30180
13045910703,30116
13045910800,30185
13045910900,30116
13045911000,30116
13045911100,30117
13045911200,30108
13047030100,30755
13047030201,30736
13047030202,30736
13047030301,30736
13047030303,30736
13047030304,30736
13047030401,30736
13047030402,30736
13047030500,30741
13047030600,30741
13047030700,30742
13049010100,31537
13049010200,31562
13051000100,31402
13051000300,31412
13051000601,31415
13051000900,31401
13051001100,31401
13051001200,31415
13051001500,31401
13051002000,31401
13051002100,31404
13051002200,31404
13051002300,31415
13051002600,31401
13051002700,31401
13051002800,31405
13051002900,31405
13051003000,31405
13051003301,31415
13051003302,31415
13051003400,31405
13051003501,31404
13051003502,31404
13051003601,31404
13051003602,31404
13051003700,31404
13051003800,31404
13051003900,31406
13051004001,31416
13051004002,31406
13051004100,31406
13051004207,31406
13051004208,31419
13051004209,31419
13051004210,31406
13051004211,31419
13051004212,31419
13051004300,31405
13051004400,31403
13051004500,31405
13051010101,31401
13051010102,31404
13051010200,31406
13051010501,31405
13051010502,31405
13051010601,31408
13051010603,31408
13051010605,31421
13051010700,31407
13051010801,31302
13051010802,31322
13051010803,31322
13051010806,31419
13051010807,31419
13051010808,31419
13051010809,31419
13051010901,31419
13051011003,31406
13051011004,31406
13051011005,31411
13051011006,31411
13051011103,31328
13051011104,31410
13051011106,31410
13051011107,31410
13051011108,31410
13051011109,31410
13051011200,31401
13051011300,31401
13051011400,31401
13051011500,31419
13051011600,31415
13051980000,31415
13053020100,31805
13053020201,31905
13053020203,31905
13053020205,31995
13053020206,31805
13055010100,30747
13055010200,30753
13055010300,30731
13055010400,30747
13055010500,30747
13055010600,30730
13057090100,30107
13057090200,30183
13057090300,30114
13057090400,30114
13057090501,30107
13057090502,30115
13057090601,30114
13057090602,30115
13057090701,30114
13057090702,30115
13057090802,30115
13057090803,30115
13057090804,30188
13057090901,30188
13057090902,30188
13057090904,30188
13057090905,30188
13057091001,30188
13057091003,30102
13057091005,30189
13057091006,30189
13057091007,30189
13057091008,30189
13057091101,30189
13057091102,30102
13057091103,30102
13059000100,30601
13059000401,30605
13059000402,30605
13059000600,30605
13059000900,30606
13059001200,30606
13059001700,30606
13059001800,30606
13059001900,30601
13059002000,30606
13059002100,30605
13059002200,30606
13059030100,30601
13059030200,30601
13059130300,30607
13059130400,30606
13059130500,30606
13059130600,30606
13059130700,30606
13059140300,30601
13059140400,30601
13059140500,30608
13059140600,30683
13059150300,30606
13059150400,30605
13059150500,30605
13059150600,30605
13059150700,30605
13059150800,30605
13059150900,30605
13061960300,39851
13063040202,30349
13063040203,30349
13063040204,30349
13063040302,30297
13063040303,30297
13063040306,30297
13063040307,30297
13063040308,30297
13063040407,30260
13063040408,30260
13063040409,30294
13063040410,30294
13063040411,30273
13063040412,30260
13063040413,30273
13063040414,30297
13063040415,30236
13063040416,30297
13063040417,30236
13063040509,30296
13063040510,30296
13063040512,30296
13063040513,30296
13063040514,30296
13063040515,30274
13063040516,30238
13063040518,30238
13063040519,30349
13063040520,30349
13063040521,30274
13063040522,30274
13063040523,30274
13063040524,30274
13063040525,30238
13063040526,30238
13063040606,30228
13063040608,30228
13063040609,30236
13063040611,30236
13063040612,30238
13063040613,30236
13063040614,30236
13063040615,30236
13063040616,30281
13063040617,30281
13063040619,30238
13063040620,30238
13063040621,30228
13063040622,30238
13063980000,30320
13065970100,31634
13065970200,31634
13067030101,30101
13067030103,30101
13067030104,30101
13067030106,30101
13067030107,30101
13067030209,30064
13067030214,30152
13067030215,30152
13067030218,30152
13067030219,30101
13067030220,30144
13067030222,30102
13067030223,30102
13067030224,30144
13067030226,30144
13067030227,30144
13067030228,30144
13067030229,30144
13067030230,30152
13067030231,30064
13067030232,30064
13067030233,30064
13067030234,30127
13067030235,30127
13067030236,30101
13067030238,30127
13067030239,30152
13067030310,30144
13067030311,30066
13067030312,30066
13067030313,30066
13067030314,30066
13067030318,30067
13067030319,30068
13067030320,30067
13067030322,30062
13067030324,30066
13067030326,30066
13067030327,30062
13067030328,30062
13067030329,30062
13067030330,30062
13067030331,30062
13067030332,30062
13067030333,30068
13067030334,30068
13067030335,30062
13067030336,30068
13067030337,30068
13067030339,30339
13067030340,30066
13067030341,30066
13067030342,30075
13067030343,30075
13067030344,30067
13067030345,30339
13067030405,30067
13067030407,30067
13067030408,30067
13067030409,30068
13067030410,30068
13067030411,30067
13067030412,30067
13067030413,30067
13067030414,30067
13067030502,30062
13067030504,30062
13067030505,30062
13067030506,30066
13067030507,30066
13067030601,30144
13067030602,30064
13067030700,30060
13067030800,30060
13067030901,30064
13067030902,30064
13067030904,30008
13067030905,30008
13067031001,30060
13067031002,30008
13067031004,30060
13067031005,30060
13067031101,30080
13067031106,30060
13067031108,30080
13067031110,30080
13067031111,30080
13067031112,30080
13067031113,30060
13067031114,30080
13067031115,30082
13067031116,30082
13067031117,30082
13067031118,30082
13067031205,30339
13067031206,30082
13067031207,30339
13067031208,30080
13067031209,30080
13067031211,30339
13067031212,30339
13067031306,30126
13067031307,30126
13067031308,30126
13067031309,30168
13067031310,30168
13067031311,30168
13067031312,30126
13067031313,30126
13067031404,30106
13067031405,30008
13067031406,30106
13067031408,30168
13067031409,30106
13067031503,30064
13067031505,30127
13067031506,30127
13067031507,30127
13067031508,30127
13067031509,30127
13069010100,31519
13069010200,31533
13069010300,31554
13069010400,31533
13069010500,31533
13069010600,31535
13069010700,31535
13069010801,31535
13069010802,31534
13071970100,31771
13071970200,31744
13071970300,31768
13071970400,31788
13071970500,31788
13071970600,31788
13071970701,31788
13071970702,31768
13071970800,31768
13071970900,31768
13073030102,30907
13073030103,30809
13073030105,30907
13073030106,30907
13073030201,30907
13073030202,30907
13073030203,30907
13073030302,30907
13073030304,30809
13073030306,30809
13073030307,30809
13073030308,30809
13073030309,30809
13073030401,30802
13073030402,30813
13073030503,30814
13073030504,30814
13073030505,30813
13073030506,30813
13073030603,30907
13075960100,31637
13075960200,31620
13075960300,31620
13075960400,31620
13077170100,30263
13077170200,30263
13077170303,30263
13077170304,30263
13077170305,30263
13077170306,30265
13077170402,30277
13077170403,30265
13077170404,30265
13077170405,30265
13077170406,30277
13077170501,30277
13077170502,30276
13077170503,30276
13077170601,30263
13077170602,30265
13077170603,30277
13077170700,30263
13077170801,30220
13077170802,30259
13079070100,31078
13079070201,31008
13079070202,31030
13081010100,31015
13081010201,31015
13081010202,31015
13081010300,31015
13081010400,31015
13081010500,31712
13083040101,30752
13083040102,30752
13083040200,30752
13083040300,30738
13085970100,30534
13085970201,30534
13085970202,30534
13087970100,39834
13087970200,39825
13087970300,39818
13087970400,39817
13087970600,39819
13087970700,39819
13087970800,39815
13089020100,30306
13089020200,30306
13089020300,30307
13089020400,30307
13089020500,30317
13089020600,30307
13089020700,30317
13089020801,30317
13089020802,30317
13089020900,30316
13089021101,30319
13089021102,30319
13089021202,30319
13089021204,30341
13089021208,30341
13089021209,30319
13089021210,30338
13089021211,30360
13089021213,30338
13089021214,30338
13089021215,30338
13089021216,30346
13089021217,30338
13089021218,30338
13089021301,30341
13089021303,30340
13089021305,30360
13089021306,30360
13089021307,30340
13089021308,30341
13089021405,30319
13089021409,30345
13089021410,30345
13089021411,30319
13089021412,31119
13089021413,30329
13089021414,30329
13089021415,30319
13089021416,30319
13089021417,30329
13089021502,30324
13089021503,30329
13089021504,30329
13089021602,30033
13089021603,30329
13089021604,30345
13089021605,30345
13089021703,30345
13089021704,30033
13089021705,30341
13089021706,30345
13089021805,30084
13089021806,30084
13089021808,30341
13089021809,30084
13089021810,30084
13089021812,30340
13089021813,30340
13089021814,30340
13089021906,30083
13089021907,30087
13089021908,30083
13089021909,30083
13089021910,30083
13089021911,30083
13089021912,30087
13089021913,30083
13089022001,30084
13089022004,30083
13089022005,30083
13089022007,30021
13089022008,30021
13089022009,30021
13089022010,30021
13089022100,30079
13089022203,30030
13089022204,30033
13089022301,30033
13089022302,30033
13089022401,30306
13089022402,30329
13089022403,30307
13089022500,30030
13089022600,30030
13089022700,30030
13089022800,30030
13089022900,30030
13089023000,30002
13089023101,30032
13089023102,30032
13089023107,30032
13089023108,30032
13089023111,30035
13089023112,30032
13089023113,30002
13089023114,30083
13089023115,30032
13089023204,30083
13089023206,30083
13089023208,30088
13089023209,30088
13089023210,30088
13089023211,30088
13089023212,30088
13089023213,30035
13089023214,30035
13089023303,30058
13089023306,30058
13089023309,30058
13089023310,30058
13089023311,30087
13089023312,30087
13089023313,30058
13089023314,30058
13089023315,30058
13089023316,30058
13089023410,30037
13089023411,30034
13089023412,30034
13089023413,30034
13089023414,30034
13089023416,30038
13089023418,30038
13089023419,30294
13089023421,30034
13089023422,30034
13089023423,30288
13089023424,30294
13089023425,30034
13089023426,30038
13089023427,30038
13089023428,30038
13089023501,30032
13089023504,30032
13089023505,30032
13089023506,30032
13089023507,30035
13089023601,30032
13089023602,30032
13089023603,30032
13089023700,30316
13089023801,30316
13089023802,30316
13089023803,30316
13089980000,30317
13091960100,31014
13091960200,31023
13091960300,31023
13091960400,31023
13091960500,31011
13091960600,31023
13093970100,31091
13093970200,31092
13093970300,31092
13095000100,31705
13095000200,31705
13095000400,31707
13095000501,31721
13095000502,31707
13095000600,31707
13095000700,31701
13095000800,31701
13095000900,31707
13095001000,31707
13095001100,31707
13095001403,31701
13095001500,31701
13095010302,31705
13095010401,31721
13095010402,31721
13095010403,31721
13095010500,31721
13095010601,31701
13095010602,31701
13095010700,31705
13095010900,31705
13095011000,31705
13095011200,31705
13095011300,31701
13095011400,31702
13095011600,31705
13097080102,30122
13097080103,30122
13097080201,30134
13097080202,30122
13097080301,30134
13097080303,30134
13097080304,30134
13097080402,30187
13097080403,30187
13097080404,30180
13097080505,30135
13097080506,30135
13097080507,30135
13097080508,30135
13097080509,30135
13097080510,30135
13097080511,30135
13097080602,30135
13097080603,30135
13097080604,30135
13099090100,39841
13099090200,39823
13099090300,39823
13099090400,39823
13099090500,39823
13101880100,31648
13101880200,31636
13103030100,31329
13103030202,31329
13103030203,31312
13103030204,31312
13103030301,31312
13103030303,31326
13103030304,31326
13103030305,31326
13103030401,31302
13103030402,31312
13105000100,30624
13105000200,30635
13105000300,30635
13105000400,30635
13105000500,30635
13107970100,30471
13107970200,30441
13107970300,30401
13107970400,30401
13107970500,31002
13107970600,30401
13109970100,30417
13109970200,30417
13109970300,30417
13111050100,30559
13111050200,30513
13111050300,30555
13111050400,30513
13111050500,30560
13113140101,30214
13113140102,30214
13113140203,30290
13113140204,30214
13113140206,30269
13113140207,30269
13113140208,30269
13113140303,30269
13113140304,30269
13113140305,30215
13113140306,30269
13113140307,30215
13113140403,30214
13113140404,30214
13113140405,30215
13113140406,30214
13113140407,30215
13113140408,30215
13113140501,30215
13113140502,30205
13115000100,30161
13115000201,30165
13115000202,30105
13115000300,30165
13115000400,30165
13115000500,30165
13115000600,30161
13115000700,30161
13115000800,30161
13115000900,30161
13115001100,30165
13115001200,30165
13115001300,30165
13115001400,30165
13115001600,30161
13115001701,30173
13115001702,30161
13115001800,30147
13115002000,30124
13115002100,30161
13117130101,30041
13117130102,30041
13117130103,30506
13117130104,30506
13117130105,30041
13117130201,30028
13117130202,30040
13117130203,30028
13117130204,30028
13117130205,30040
13117130301,30028
13117130302,30040
13117130303,30028
13117130304,30040
13117130305,30040
13117130306,30040
13117130307,30040
13117130403,30040
13117130404,30040
13117130405,30040
13117130406,30040
13117130408,30040
13117130409,30028
13117130410,30040
13117130503,30506
13117130504,30041
13117130505,30041
13117130506,30041
13117130507,30041
13117130508,30041
13117130509,30041
13117130510,30041
13117130601,30004
13117130602,30004
13117130603,30005
13117130604,30041
13117130605,30041
13117130606,30024
13117130607,30041
13117130608,30024
13117130609,30024
13117130610,30024
13117130611,30024
13117130612,30024
13117130613,30041
13119890101,30553
13119890102,30553
13119890200,30521
13119890300,30662
13119890400,30662
13121000100,30306
13121000200,30306
13121000400,30309
13121000500,30309
13121000600,30318
13121000700,30318
13121001001,30309
13121001002,30377
13121001100,30309
13121001201,30308
13121001202,30308
13121001300,30308
13121001400,30306
13121001500,30306
13121001600,30307
13121001700,30308
13121001800,30308
13121001900,30308
13121002100,30313
13121002300,30314
13121002400,30314
13121002500,30314
13121002600,30314
13121002800,30312
13121002900,30312
13121003000,30307
13121003100,30316
13121003200,30316
13121003500,30312
13121003600,30313
13121003700,30314
13121003800,30314
13121003900,30314
13121004000,30314
13121004100,30310
13121004200,30310
13121004300,30313
13121004400,30312
13121004800,30312
13121004900,30312
13121005000,30312
13121005200,30316
13121005300,30312
13121005501,30315
13121005502,30315
13121005700,30310
13121005800,30310
13121006000,30310
13121006100,30310
13121006200,30310
13121006300,30310
13121006400,30315
13121006500,30310
13121006601,30310
13121006602,30310
13121006700,30315
13121006801,30315
13121006802,30315
13121006900,30315
13121007001,30315
13121007002,30315
13121007100,30315
13121007200,30321
13121007300,30354
13121007400,30315
13121007500,30315
13121007602,30311
13121007603,30311
13121007604,30311
13121007703,30331
13121007704,30311
13121007705,30331
13121007706,30331
13121007802,30331
13121007805,30331
13121007806,30331
13121007807,30331
13121007808,30311
13121007900,30311
13121008000,30311
13121008101,30310
13121008102,30311
13121008201,30318
13121008202,30331
13121008301,30314
13121008302,30314
13121008400,30314
13121008500,30318
13121008601,30318
13121008602,30318
13121008700,30318
13121008800,30318
13121008902,30318
13121008903,30318
13121008904,30318
13121009000,30318
13121009101,30309
13121009102,30309
13121009200,30324
13121009300,30305
13121009402,30324
13121009403,30324
13121009404,30324
13121009501,30305
13121009502,30305
13121009601,30305
13121009602,30326
13121009603,30305
13121009700,30327
13121009801,30327
13121009802,30327
13121009900,30342
13121010001,30342
13121010002,30326
13121010106,30350
13121010107,30350
13121010108,30350
13121010110,30328
13121010113,30342
13121010114,30342
13121010115,30342
13121010117,30350
13121010118,30350
13121010119,30350
13121010120,30350
13121010121,30328
13121010122,30328
13121010123,30328
13121010204,30328
13121010205,30328
13121010206,30327
13121010208,30350
13121010209,30350
13121010210,30328
13121010211,30342
13121010212,30342
13121010301,30213
13121010303,30331
13121010304,30349
13121010400,30268
13121010507,30349
13121010508,30349
13121010510,30213
13121010511,30349
13121010512,30291
13121010513,30291
13121010514,30213
13121010515,30213
13121010516,30349
13121010601,30337
13121010603,30337
13121010604,30349
13121010800,30354
13121011000,30344
13121011100,30344
13121011201,30344
13121011202,30344
13121011301,30344
13121011303,30344
13121011305,30344
13121011306,30349
13121011405,30075
13121011410,30076
13121011411,30076
13121011412,30076
13121011414,30022
13121011416,30076
13121011417,30076
13121011418,30075
13121011419,30075
13121011420,30076
13121011421,30076
13121011422,30075
13121011423,30075
13121011424,30022
13121011425,30022
13121011426,30022
13121011427,30022
13121011503,30004
13121011504,30004
13121011505,30075
13121011506,30075
13121011610,30009
13121011611,30009
13121011612,30097
13121011613,30022
13121011614,30004
13121011615,30004
13121011616,30009
13121011617,30022
13121011618,30022
13121011619,30005
13121011620,30005
13121011621,30005
13121011622,30097
13121011623,30097
13121011624,30005
13121011625,30022
13121011626,30005
13121011800,30318
13121011900,30301
13121012000,30302
13121012300,30337
13121980000,30337
13123080100,30536
13123080200,30540
13123080300,30540
13123080400,30540
13123080500,30536
13125010100,30810
13127000101,31522
13127000102,31522
13127000200,31522
13127000300,31522
13127000401,31525
13127000403,31525
13127000404,31525
13127000501,31520
13127000503,31525
13127000504,31525
13127000600,31520
13127000700,31520
13127000800,31520
13127000900,31520
13127001000,31523
13129970100,30734
13129970200,30701
13129970300,30701
13129970400,30701
13129970500,30701
13129970600,30701
13129970700,30733
13129970800,30701
13129970900,30701
13131950100,31779
13131950200,39897
13131950300,39828
13131950400,39828
13131950500,39828
13131950600,39828
13133950100,30669
13133950200,30669
13133950301,30642
13133950302,30642
13133950303,30642
13133950400,30642
13133950500,30678
13135050103,30518
13135050105,30518
13135050106,30518
13135050107,30518
13135050108,30518
13135050109,30518
13135050205,30096
13135050208,30043
13135050209,30096
13135050210,30024
13135050211,30096
13135050212,30024
13135050213,30024
13135050214,30097
13135050215,30096
13135050216,30097
13135050217,30097
13135050218,30096
13135050219,30096
13135050220,30096
13135050304,30340
13135050306,30340
13135050308,30092
13135050309,30092
13135050310,30092
13135050311,30071
13135050313,30071
13135050314,30096
13135050315,30092
13135050317,30092
13135050318,30092
13135050319,30071
13135050320,30071
13135050321,30092
13135050322,30092
13135050410,30047
13135050415,30087
13135050416,30087
13135050417,30093
13135050418,30093
13135050419,30093
13135050421,30093
13135050422,30093
13135050423,30093
13135050424,30093
13135050425,30047
13135050426,30047
13135050427,30047
13135050428,30047
13135050429,30047
13135050430,30087
13135050431,30093
13135050432,30084
13135050433,30084
13135050434,30093
13135050435,30048
13135050436,30044
13135050511,30043
13135050520,30046
13135050521,30046
13135050522,30046
13135050523,30043
13135050524,30044
13135050525,30024
13135050526,30096
13135050527,30043
13135050528,30043
13135050529,30024
13135050530,30043
13135050531,30044
13135050532,30044
13135050533,30044
13135050534,30044
13135050535,30044
13135050536,30046
13135050537,30096
13135050538,30043
13135050539,30044
13135050540,30043
13135050541,30044
13135050542,30096
13135050543,30045
13135050544,30044
13135050545,30045
13135050546,30045
13135050547,30043
13135050548,30043
13135050549,30043
13135050605,30519
13135050606,30519
13135050607,30019
13135050608,30019
13135050609,30519
13135050610,30019
13135050709,30039
13135050712,30044
13135050713,30044
13135050714,30047
13135050715,30078
13135050718,30078
13135050719,30078
13135050720,30078
13135050721,30078
13135050722,30039
13135050723,30039
13135050724,30017
13135050725,30039
13135050726,30052
13135050727,30017
13135050728,30039
13135050729,30039
13135050730,30052
13135050731,30052
13137000100,30523
13137000201,30535
13137000202,30523
13137000300,30523
13137000400,30563
13137000500,30535
13137000601,30510
13137000602,30531
13139000101,30554
13139000102,30543
13139000201,30506
13139000203,30527
13139000204,30506
13139000302,30506
13139000303,30506
13139000304,30506
13139000305,30506
13139000400,30504
13139000500,30506
13139000600,30501
13139000701,30507
13139000702,30507
13139000800,30501
13139000900,30501
13139001002,30504
13139001003,30504
13139001004,30504
13139001101,30501
13139001102,30504
13139001201,30507
13139001202,30507
13139001301,30507
13139001302,30507
13139001402,30566
13139001403,30566
13139001404,30542
13139001501,30542
13139001502,30518
13139001603,30542
13139001604,30542
13139001605,30519
13139001606,30542
13139001607,30518
13139001608,30548
13141480300,31087
13141480400,31087
13143010100,30113
13143010200,30176
13143010301,30110
13143010302,30110
13143010400,30110
13145120198,31822
13145120200,31826
13145120300,31808
13145120401,31804
13145120402,31831
13147960100,30643
13147960200,30553
13147960300,30662
13147960400,30643
13147960500,30643
13149970100,30217
13149970200,30217
13149970300,30217
13151070104,30281
13151070106,30281
13151070107,30294
13151070108,30294
13151070109,30281
13151070110,30281
13151070111,30281
13151070113,30281
13151070114,30281
13151070202,30252
13151070203,30252
13151070204,30281
13151070205,30253
13151070304,30253
13151070305,30228
13151070306,30253
13151070307,30253
13151070309,30253
13151070310,30253
13151070311,30253
13151070402,30252
13151070403,30248
13151070404,30248
13151070501,30228
13151070502,30228
13153020105,31093
13153020106,31093
13153020108,31028
13153020109,31008
13153020200,31093
13153020300,31093
13153020400,31093
13153020600,31098
13153020700,31088
13153020800,31088
13153020900,31088
13153021000,31088
13153021103,31005
13153021104,31088
13153021105,31088
13153021107,31005
13153021108,31005
13153021113,31088
13153021201,31047
13153021202,31069
13153021300,31069
13153021400,31069
13153021500,31036
13155950100,31774
13155950200,31774
13157010101,30548
13157010102,30548
13157010103,30517
13157010200,30558
13157010300,30529
13157010400,30529
13157010500,30565
13157010600,30549
13157010701,30549
13157010702,30549
13157010703,30549
13159010100,30056
13159010200,30055
13159010500,31064
13161960100,31539
13161960200,31539
13161960300,31532
13163960100,30833
13163960200,30823
13163960300,30434
13163960400,30477
13165960100,30442
13165960200,30442
13167960100,31049
13167960200,31096
13167960300,31096
13169030101,31211
13169030103,31032
13169030104,31211
13169030200,31032
13169030301,31032
13169030302,31032
13171970100,30257
13171970200,30204
13171970300,30204
13173950100,31635
13173950200,31635
13175950100,31027
13175950201,31021
13175950202,31021
13175950300,31021
13175950400,31021
13175950500,31021
13175950600,31022
13175950700,31019
13175950800,31021
13175950900,31021
13175951000,31027
13175951100,31075
13175951400,31009
13177020100,31763
13177020200,31787
13177020300,31763
13177020402,31763
13177020403,31763
13179010101,31315
13179010102,31315
13179010103,31315
13179010202,31313
13179010204,31301
13179010205,31313
13179010206,31313
13179010207,31313
13179010208,31313
13179010300,31313
13179010400,31313
13179010501,31320
13179010502,31320
13179010600,31323
13181970100,30817
13181970200,30817
13183970100,31316
13183970200,31316
13183980000,31316
13185010101,31605
13185010102,31699
13185010103,31605
13185010201,31632
13185010202,31632
13185010301,31605
13185010302,31602
13185010401,31602
13185010402,31602
13185010500,31602
13185010601,31602
13185010604,31605
13185010700,31606
13185010800,31601
13185010900,31601
13185011000,31601
13185011100,31602
13185011200,31602
13185011301,31601
13185011302,31603
13185011401,31601
13185011402,31601
13185011403,31601
13185011500,31606
13185011600,31636
13187960101,30533
13187960102,30533
13187960201,30533
13187960202,30533
13189950100,30824
13189950200,30824
13189950300,30824
13189950400,30824
13189950500,30808
13191110100,31331
13191110200,31331
13191110300,31305
13193000100,31057
13193000200,31041
13193000300,31068
13193000400,31063
13195020100,30633
13195020200,30633
13195020300,30629
13195020400,30628
13195020500,30646
13195020600,30633
13197920100,31801
13197920200,31803
13199970500,31816
13199970600,31830
13199970700,30251
13199970800,30222
13201950100,39837
13201950200,39837
13201950300,39837
13205090100,31716
13205090200,31779
13205090300,31730
13205090400,31730
13205090500,31779
13207050101,31029
13207050102,31029
13207050200,31029
13207050301,31029
13207050302,31046
13209950100,30474
13209950200,30445
13209950300,30473
13211010100,30650
13211010200,30663
13211010300,30650
13211010400,30625
13211010500,30650
13213010100,30711
13213010201,30705
13213010202,30705
13213010300,30705
13213010400,30705
13213010500,30705
13213010600,30705
13213010700,30705
13215000200,31904
13215000300,31904
13215000400,31904
13215000800,31904
13215000900,31904
13215001000,31907
13215001100,31906
13215001200,31906
13215001400,31904
13215001600,31904
13215001800,31901
13215002000,31906
13215002100,31907
13215002200,31906
13215002300,31906
13215002400,31906
13215002500,31901
13215002700,31903
13215002800,31906
13215002901,31906
13215002902,31906
13215003000,31903
13215003200,31903
13215003301,31903
13215003302,31903
13215003400,31903
13215010104,31907
13215010106,31909
13215010107,31820
13215010201,31904
13215010203,31909
13215010204,31909
13215010205,31909
13215010301,31904
13215010302,31904
13215010401,31909
13215010402,31909
13215010501,31907
13215010502,31907
13215010602,31907
13215010605,31907
13215010606,31907
13215010607,31907
13215010608,31907
13215010701,31907
13215010702,31907
13215010703,31907
13215010801,31905
13215010802,31905
13215011100,31901
13215011200,31901
13215011400,31904
13215011500,31903
13217100100,30054
13217100201,30014
13217100202,30025
13217100300,30014
13217100400,30054
13217100501,30016
13217100502,30016
13217100600,30014
13217100700,30014
13217100800,30016
13217100901,30016
13217100902,30016
13217100903,30016
13219030100,30622
13219030200,30606
13219030300,30677
13219030400,30677
13219030500,30677
13219030600,30621
13221960100,30627
13221960201,30683
13221960202,30648
13221960300,30667
13223120101,30101
13223120102,30132
13223120103,30132
13223120104,30132
13223120202,30157
13223120203,30157
13223120204,30157
13223120301,30132
13223120302,30157
13223120303,30157
13223120400,30157
13223120501,30141
13223120502,30157
13223120503,30141
13223120601,30127
13223120602,30134
13223120603,30141
13223120604,30141
13223120605,30157
13225040101,31008
13225040102,31008
13225040200,31030
13225040301,31030
13225040302,31030
13225040400,31030
13227050100,30143
13227050200,30143
13227050300,30175
13227050400,30175
13227050500,30143
13227050600,30143
13229960100,31557
13229960200,31516
13229960300,31516
13229960400,31516
13231010100,30295
13231010200,30292
13231010300,30206
13231010400,30256
13233010100,30104
13233010200,30125
13233010300,30125
13233010400,30125
13233010500,30125
13233010600,30153
13233010700,30153
13235950100,31036
13235950200,31036
13235950300,31036
13237960101,31024
13237960102,31024
13237960201,31024
13237960202,31024
13237960300,31024
13239960300,39854
13241970100,30537
13241970201,30525
13241970202,30525
13241970301,30552
13241970302,30552
13243790100,39886
13243790200,39840
13245000100,30904
13245000200,30904
13245000300,30904
13245000600,30901
13245000700,30903
13245000900,30901
13245001000,30904
13245001100,30904
13245001200,30904
13245001300,30904
13245001400,30901
13245001500,30901
13245001601,30909
13245001602,30909
13245010101,30904
13245010104,30907
13245010105,30907
13245010106,30909
13245010107,30909
13245010201,30909
13245010203,30909
13245010204,30909
13245010300,30904
13245010400,30906
13245010504,30906
13245010506,30906
13245010507,30906
13245010508,30906
13245010509,30906
13245010510,30916
13245010511,30906
13245010512,30906
13245010513,30906
13245010600,30901
13245010706,30906
13245010707,30815
13245010708,30815
13245010709,30906
13245010710,30906
13245010711,30815
13245010712,30815
13245010800,30905
13245010903,30815
13245010904,30815
13245010905,30906
13245010906,30815
13245011000,30901
13247060101,30012
13247060102,30012
13247060201,30012
13247060202,30094
13247060304,30012
13247060305,30013
13247060306,30013
13247060307,30013
13247060308,30012
13247060309,30012
13247060403,30094
13247060404,30094
13247060405,30094
13247060406,30094
13247060407,30094
13249960100,31806
13249960200,31806
13251970200,30467
13251970300,30467
13251970400,30467
13251970500,30467
13251970600,30467
13253200100,39845
13253200200,39845
13253200300,39845
13255160100,30223
13255160200,30223
13255160300,30223
13255160400,30223
13255160500,30223
13255160600,30223
13255160700,30224
13255160800,30223
13255160900,30223
13255161000,30224
13255161100,30224
13255161200,30224
13257970100,30577
13257970200,30577
13257970301,30577
13257970302,30577
13257970400,30577
13259950100,31825
13259950400,31815
13261950100,31711
13261950200,31709
13261950300,31719
13261950400,31780
13261950500,31709
13261950600,31709
13261950700,31709
13261950800,31735
13263960100,31826
13263960200,31827
13263960300,31801
13265010200,30631
13267950100,30421
13267950201,30453
13267950202,30453
13267950300,30427
13267950400,30427
13269950100,31006
13269950200,31076
13269950300,31006
13271950100,31055
13271950200,31060
13271950500,31549
13273120200,39842
13273120300,39842
13273120400,39842
13273120500,39842
13275960100,31765
13275960200,31773
13275960300,31738
13275960400,31778
13275960500,31757
13275960600,31792
13275960700,31792
13275960800,31792
13275960900,31792
13275961000,31757
13275961100,31626
13277960100,31793
13277960200,31795
13277960300,31793
13277960400,31794
13277960500,31794
13277960600,31794
13277960700,31794
13277960800,31775
13277960900,31794
13279970100,30436
13279970200,30474
13279970300,30474
13279970400,30474
13279970500,30436
13279970600,30436
13281960100,30582
13281960200,30546
13281960300,30546
13283960100,30457
13283960200,30457
13285960100,30230
13285960201,30240
13285960202,30240
13285960300,30240
13285960400,30240
13285960501,30241
13285960502,30241
13285960600,30241
13285960700,30241
13285960800,30240
13285960901,30240
13285960902,30240
13285961000,31833
13285961100,31822
13287970200,31714
13287970300,31790
13289060100,31044
13289060200,31017
13291000101,30512
13291000102,30512
13291000201,30512
13291000203,30512
13291000204,30512
13291000205,30512
13293010100,30286
13293010201,30286
13293010202,30286
13293010300,30286
13293010400,30286
13293010500,30286
13293010600,30286
13295020100,30741
13295020200,30741
13295020301,30741
13295020302,30741
13295020400,30750
13295020501,30707
13295020502,30707
13295020601,30739
13295020602,30728
13295020700,30728
13295020800,30707
13295020901,30728
13295020902,30728
13297110100,30656
13297110200,30655
13297110300,30655
13297110400,30656
13297110503,30052
13297110504,30052
13297110505,30052
13297110506,30052
13297110507,30052
13297110508,30052
13297110601,30655
13297110602,30014
13297110603,30052
13297110700,30655
13297110800,30025
13299950100,31503
13299950200,31503
13299950300,31503
13299950400,31501
13299950500,31501
13299950600,31501
13299950700,31501
13299950800,31503
13299950900,31503
13301970400,30828
13301970500,30828
13303950100,31094
13303950300,31082
13303950400,31082
13303950500,31018
13303950700,31089
13305970100,31555
13305970200,31545
13305970300,31545
13305970400,31560
13305970500,31546
13305970600,31546
13307960100,31824
13307960200,31824
13309780100,30428
13309780200,30411
13311950100,30571
13311950201,30528
13311950202,30528
13311950203,30528
13311950300,30528
13313000101,30710
13313000102,30710
13313000200,30721
13313000301,30721
13313000302,30721
13313000400,30721
13313000501,30720
13313000502,30720
13313000600,30755
13313000700,30740
13313000800,30740
13313000900,30720
13313001000,30721
13313001100,30721
13313001200,30721
13313001300,30721
13313001400,30720
13313001500,30720
13315960100,31001
13315960200,31071
13315960300,31072
13315960400,31079
13317010101,30668
13317010102,30660
13317010301,30673
13317010302,30673
13319960200,31054
13319960300,31031
13319960400,31090
13321950100,31796
13321950200,31791
13321950400,31789
13321950500,31791
13321950600,31744
